s_hat,z,rhs,violation
"[[45], [3, 6, 7, 12, 17, 24, 34, 39, 40, 45, 49], [2, 3, 6, 7, 8, 10, 12, 15, 17, 22, 24, 27, 34, 37, 39, 40, 41, 44, 45, 47, 49, 50, 51], [3, 4, 5, 6, 7, 9, 10, 12, 17, 20, 21, 22, 23, 24, 25, 27, 28, 30, 31, 32, 33, 34, 35, 36, 39, 40, 42, 45, 46, 49, 50], [2, 3, 4, 5, 6, 7, 8, 9, 10, 12, 15, 16, 17, 18, 20, 21, 22, 23, 24, 25, 27, 28, 30, 31, 32, 33, 34, 35, 36, 37, 38, 39, 40, 41, 42, 44, 45, 46, 47, 49, 50, 51]]","[2.0, 3.599999999999997, 5.600000000000001, 7.200000000000001, 9.599999999999998]","[2, 4, 6, 8, 10]","[0.0, 0.400000000000003, 0.3999999999999986, 0.7999999999999989, 0.40000000000000213]"
"[[45], [2, 6, 8, 11, 14, 18, 25, 26, 27, 30, 31, 34, 35, 36, 37, 38, 45, 48, 49, 50], [2, 4, 5, 6, 8, 9, 11, 12, 14, 15, 17, 18, 22, 23, 24, 25, 26, 27, 30, 31, 32, 33, 34, 35, 36, 37, 38, 45, 48, 49, 50], [2, 3, 4, 5, 6, 7, 8, 9, 10, 11, 12, 13, 14, 15, 17, 18, 19, 20, 21, 22, 23, 24, 25, 26, 27, 29, 30, 31, 32, 33, 34, 35, 36, 37, 38, 39, 40, 41, 42, 43, 44, 45, 46, 47, 48, 49, 50]]","[1.9999999999999996, 3.000000000000001, 5.000000000000001, 8.0]","[2, 4, 6, 8]","[4.440892098500626e-16, 0.9999999999999991, 0.9999999999999991, 0.0]"
"[[45], [12, 18, 27, 31, 44, 45, 48, 50], [5, 12, 14, 18, 25, 26, 27, 31, 36, 42, 44, 45, 48, 50, 51], [2, 3, 7, 8, 16, 17, 18, 20, 21, 24, 26, 27, 29, 30, 31, 33, 34, 35, 36, 43, 44, 45, 47, 49, 50], [2, 3, 5, 7, 8, 12, 14, 15, 16, 17, 18, 19, 20, 21, 24, 25, 26, 27, 30, 31, 34, 35, 36, 37, 38, 39, 41, 43, 44, 45, 47, 48, 49, 50, 51], [2, 3, 4, 5, 6, 7, 8, 9, 10, 11, 12, 13, 14, 15, 16, 17, 18, 19, 20, 21, 22, 23, 24, 25, 26, 27, 29, 30, 31, 32, 33, 34, 35, 36, 37, 39, 40, 41, 43, 44, 45, 46, 47, 48, 49, 50, 51]]","[2.0, 4.0, 6.000000000000002, 7.950103950103968, 10.0, 11.958419958419952]","[2, 4, 6, 8, 10, 12]","[0.0, 0.0, -1.7763568394002505e-15, 0.04989604989603169, 0.0, 0.04158004158004758]"
"[[45], [2, 4, 5, 6, 10, 12, 14, 17, 19, 26, 32, 35, 42, 48, 51], [3, 4, 6, 7, 9, 10, 11, 12, 14, 15, 16, 18, 19, 20, 21, 22, 23, 25, 28, 29, 30, 32, 33, 34, 35, 36, 37, 39, 44, 45, 46, 47, 48, 50, 51], [2, 3, 4, 5, 6, 7, 9, 10, 11, 12, 13, 14, 15, 16, 17, 18, 19, 20, 21, 22, 23, 24, 25, 26, 28, 29, 30, 31, 32, 33, 34, 35, 36, 37, 38, 39, 40, 41, 42, 43, 44, 45, 46, 47, 48, 49, 50, 51]]","[2.0, 4.0, 5.435897435897436, 8.000000000000002]","[2, 4, 6, 8]","[0.0, 0.0, 0.5641025641025639, -1.7763568394002505e-15]"
"[[45], [5, 10, 12, 17, 26, 27, 32, 34, 38, 40, 44, 48], [4, 9, 11, 15, 16, 18, 19, 20, 21, 22, 33, 35, 37, 42, 43, 45, 49, 50], [4, 5, 9, 10, 11, 12, 15, 16, 18, 19, 20, 21, 22, 24, 32, 33, 35, 36, 37, 39, 41, 42, 43, 44, 45, 49, 50, 51], [2, 4, 5, 8, 9, 10, 11, 12, 13, 15, 16, 17, 18, 19, 20, 21, 22, 24, 25, 26, 27, 28, 31, 32, 33, 34, 35, 36, 37, 38, 39, 40, 41, 42, 43, 44, 45, 46, 48, 49, 50, 51]]","[2.0, 2.953488372093025, 4.767441860465115, 5.767441860465115, 7.651162790697679]","[2, 4, 6, 8, 10]","[0.0, 1.046511627906975, 1.232558139534885, 2.232558139534885, 2.348837209302321]"
"[[45], [3, 6, 7, 8, 10, 11, 12, 14, 17, 20, 21, 22, 23, 25, 26, 27, 29, 32, 34, 35, 36, 37, 39, 40, 44, 48, 49, 50, 51], [3, 4, 5, 6, 7, 8, 10, 11, 12, 13, 14, 16, 17, 19, 20, 21, 22, 23, 25, 26, 27, 28, 29, 30, 32, 34, 35, 36, 37, 38, 39, 40, 41, 42, 43, 44, 47, 48, 49, 50, 51]]","[2.0, 3.9999999999999996, 5.799999999999999]","[2, 4, 6]","[0.0, 4.440892098500626e-16, 0.20000000000000107]"
"[[45], [4, 5, 6, 10, 14, 15, 17, 21, 23, 26, 29, 32, 33, 34, 35, 44, 47, 48, 51], [3, 4, 5, 6, 7, 9, 10, 11, 12, 14, 15, 16, 17, 18, 19, 20, 21, 23, 25, 26, 28, 29, 30, 32, 33, 34, 35, 37, 39, 44, 45, 47, 48, 50, 51], [2, 3, 4, 5, 6, 7, 8, 9, 10, 11, 12, 13, 14, 15, 16, 17, 18, 19, 20, 21, 22, 23, 24, 25, 26, 27, 28, 29, 30, 31, 32, 33, 34, 35, 36, 37, 38, 39, 40, 41, 42, 43, 44, 45, 46, 47, 48, 49, 50, 51]]","[2.0, 3.142857142857143, 3.7142857142857135, 8.0]","[2, 4, 6, 8]","[0.0, 0.8571428571428572, 2.2857142857142865, 0.0]"
"[[45], [4, 5, 6, 8, 13, 14, 17, 19, 26, 27, 29, 30, 32, 35, 36, 39, 41, 42, 44, 50], [2, 3, 4, 5, 6, 7, 8, 10, 11, 12, 13, 14, 15, 16, 17, 18, 19, 20, 21, 22, 23, 25, 26, 27, 28, 29, 30, 31, 32, 33, 34, 35, 36, 37, 38, 39, 40, 41, 42, 43, 44, 45, 46, 47, 48, 49, 50, 51]]","[2.0, 4.0, 5.913043478260869]","[2, 4, 6]","[0.0, 0.0, 0.08695652173913082]"
"[[4, 5, 12, 14, 18, 25, 27, 31, 37, 41, 44, 45, 48, 50, 51], [5, 12, 14, 18, 25, 27, 31, 41, 44, 45, 48, 50, 51], [4, 5, 9, 12, 14, 18, 19, 25, 27, 31, 37, 38, 39, 41, 44, 45, 48, 50, 51], [4, 5, 8, 9, 12, 14, 18, 19, 25, 27, 29, 31, 34, 37, 38, 39, 41, 44, 45, 48, 50, 51], [3, 4, 5, 7, 8, 9, 11, 12, 14, 18, 19, 21, 25, 26, 27, 29, 30, 31, 34, 36, 37, 38, 39, 41, 43, 44, 45, 47, 48, 49, 50, 51], [2, 3, 4, 5, 6, 7, 8, 9, 10, 11, 12, 13, 14, 16, 18, 19, 21, 22, 23, 25, 26, 27, 29, 30, 31, 32, 34, 35, 36, 37, 38, 39, 40, 41, 42, 43, 44, 45, 47, 48, 49, 50, 51]]","[1.0, 1.0, 1.0, 3.0, 4.0, 8.0]","[6, 4, 6, 8, 10, 12]","[5.0, 3.0, 5.0, 5.0, 6.0, 4.0]"
"[[45], [3, 7, 9, 14, 15, 17, 24, 26, 29, 30, 32, 33, 35, 36, 43, 45, 49, 50], [3, 6, 7, 9, 13, 14, 15, 17, 22, 24, 26, 27, 28, 29, 30, 32, 33, 35, 36, 37, 42, 43, 45, 47, 49, 50], [3, 5, 6, 7, 8, 9, 10, 13, 14, 15, 16, 17, 18, 19, 20, 21, 22, 23, 24, 26, 27, 28, 29, 30, 31, 32, 33, 34, 35, 36, 37, 38, 40, 41, 42, 43, 44, 45, 46, 47, 48, 49, 50, 51]]","[2.0, 3.999999999999999, 5.972972972972973, 8.000000000000002]","[2, 4, 6, 8]","[0.0, 8.881784197001252e-16, 0.027027027027027195, -1.7763568394002505e-15]"
"[[45], [8, 12, 23, 24, 28, 31, 33, 37, 39, 47], [3, 5, 8, 12, 13, 22, 23, 24, 28, 31, 33, 34, 37, 39, 41, 47, 49], [3, 5, 6, 8, 12, 13, 14, 19, 21, 22, 23, 24, 28, 30, 31, 33, 34, 36, 37, 38, 39, 41, 47, 49, 50], [2, 3, 4, 5, 6, 7, 8, 12, 13, 14, 17, 19, 20, 21, 22, 23, 24, 25, 26, 28, 30, 31, 33, 34, 36, 37, 39, 41, 44, 45, 46, 47, 49, 50], [2, 3, 4, 5, 6, 7, 8, 12, 13, 14, 17, 18, 19, 20, 21, 22, 23, 24, 25, 26, 28, 29, 30, 31, 32, 33, 34, 35, 36, 37, 39, 40, 41, 43, 44, 45, 46, 47, 48, 49, 50, 51], [2, 3, 4, 5, 6, 7, 8, 9, 11, 12, 13, 14, 15, 16, 17, 18, 19, 20, 21, 22, 23, 24, 25, 26, 27, 28, 29, 30, 31, 32, 33, 34, 35, 36, 37, 38, 39, 40, 41, 42, 43, 44, 45, 46, 47, 48, 49, 50, 51]]","[1.9999999999999998, 3.352380952380953, 5.066666666666666, 6.533333333333335, 8.476190476190473, 10.438095238095238, 14.000000000000007]","[2, 4, 6, 8, 10, 12, 14]","[2.220446049250313e-16, 0.6476190476190471, 0.9333333333333336, 1.466666666666665, 1.5238095238095273, 1.5619047619047617, -7.105427357601002e-15]"
"[[45], [8, 12, 24, 30, 31, 33, 37, 39, 47, 50], [8, 12, 14, 17, 20, 21, 23, 24, 28, 29, 30, 31, 33, 36, 37, 39, 47, 50], [2, 4, 7, 8, 12, 14, 17, 20, 21, 23, 24, 25, 26, 28, 29, 30, 31, 33, 36, 37, 39, 44, 45, 47, 50], [3, 5, 6, 8, 11, 12, 13, 14, 17, 18, 19, 20, 21, 22, 23, 24, 27, 28, 29, 30, 31, 33, 34, 36, 37, 38, 39, 41, 42, 43, 47, 49, 50], [2, 3, 4, 5, 6, 7, 8, 9, 10, 12, 13, 14, 15, 17, 20, 21, 23, 24, 25, 26, 28, 29, 30, 31, 32, 33, 34, 35, 36, 37, 38, 39, 40, 41, 44, 45, 46, 47, 48, 49, 50, 51], [2, 3, 4, 5, 6, 7, 8, 9, 11, 12, 13, 14, 15, 16, 17, 18, 19, 20, 21, 22, 23, 24, 25, 26, 27, 28, 29, 30, 31, 32, 33, 34, 35, 36, 37, 38, 39, 40, 41, 42, 43, 44, 45, 46, 47, 48, 49, 50, 51]]","[2.0, 3.5098765432098773, 5.269135802469133, 7.006172839506172, 8.802469135802466, 10.822222222222223, 13.999999999999998]","[2, 4, 6, 8, 10, 12, 14]","[0.0, 0.4901234567901227, 0.7308641975308667, 0.9938271604938276, 1.1975308641975335, 1.1777777777777771, 1.7763568394002505e-15]"
"[[2, 11, 14, 15, 21, 24, 35, 41, 50], [2, 11, 14, 15, 21, 24, 26, 35, 41, 43, 48, 50], [3, 4, 5, 6, 7, 8, 9, 10, 11, 12, 14, 16, 17, 18, 20, 21, 22, 23, 25, 26, 27, 30, 32, 33, 34, 36, 37, 39, 40, 42, 43, 44, 45, 46, 47, 48, 49, 51], [3, 4, 5, 6, 7, 8, 9, 10, 11, 12, 14, 16, 17, 18, 20, 21, 22, 23, 25, 26, 27, 30, 32, 33, 34, 36, 37, 39, 40, 42, 43, 44, 45, 46, 47, 48, 49, 51], [2, 3, 4, 5, 6, 7, 8, 9, 10, 11, 12, 14, 15, 16, 17, 18, 20, 21, 22, 23, 24, 25, 26, 27, 30, 32, 33, 34, 35, 36, 37, 39, 40, 41, 42, 43, 44, 45, 46, 47, 48, 49, 50, 51]]","[0.0, 0.0, 0.0, 0.0, 0.0]","[2, 4, 8, 8, 10]","[2.0, 4.0, 8.0, 8.0, 10.0]"
"[[9, 23, 32, 46], [2, 8, 9, 15, 16, 18, 23, 32, 37, 41, 44, 46, 47, 51], [2, 8, 9, 13, 15, 16, 18, 19, 23, 26, 29, 32, 37, 41, 43, 44, 46, 47, 48, 51], [2, 3, 6, 7, 8, 9, 10, 11, 12, 14, 15, 16, 17, 18, 21, 22, 23, 24, 27, 31, 32, 33, 34, 35, 37, 39, 40, 41, 44, 45, 46, 47, 49, 50, 51], [2, 3, 6, 7, 8, 9, 10, 11, 12, 13, 14, 15, 16, 17, 18, 19, 21, 22, 23, 24, 26, 27, 29, 31, 32, 33, 34, 35, 37, 39, 40, 41, 43, 44, 45, 46, 47, 48, 49, 50, 51]]","[0.0, 0.0, 2.0, 2.0, 4.0]","[2, 4, 6, 8, 10]","[2.0, 4.0, 4.0, 6.0, 6.0]"
"[[12, 14, 18, 31, 44, 48], [12, 14, 18, 27, 31, 43, 44, 45, 48, 50], [5, 12, 14, 18, 19, 25, 27, 31, 37, 38, 39, 41, 43, 44, 45, 48, 50, 51], [3, 8, 11, 12, 14, 18, 24, 26, 27, 28, 29, 31, 34, 36, 38, 42, 43, 44, 45, 47, 48, 49, 50], [2, 3, 7, 8, 11, 12, 14, 15, 16, 17, 18, 20, 21, 22, 24, 26, 27, 28, 29, 30, 31, 34, 35, 36, 38, 40, 42, 43, 44, 45, 47, 48, 49, 50], [2, 3, 5, 7, 8, 11, 12, 14, 15, 16, 17, 18, 19, 20, 21, 22, 24, 25, 26, 27, 28, 29, 30, 31, 33, 34, 35, 36, 37, 38, 39, 40, 41, 42, 43, 44, 45, 47, 48, 49, 50, 51]]","[0.0, 0.0, 1.9999999999999998, 4.0, 6.0, 8.0]","[2, 4, 6, 8, 10, 12]","[2.0, 4.0, 4.0, 4.0, 4.0, 4.0]"
"[[45], [8, 12, 14, 23, 28, 30, 33, 37, 47, 50], [2, 3, 4, 8, 12, 14, 17, 20, 23, 24, 28, 30, 31, 33, 36, 37, 39, 47, 50], [2, 4, 7, 8, 9, 12, 14, 17, 20, 23, 24, 25, 26, 28, 29, 30, 31, 32, 33, 36, 37, 39, 44, 45, 46, 47, 50], [2, 3, 4, 5, 6, 7, 8, 12, 13, 14, 17, 18, 20, 22, 23, 24, 25, 28, 29, 30, 31, 32, 33, 34, 36, 37, 38, 39, 41, 44, 45, 46, 47, 49, 50], [2, 3, 4, 5, 6, 7, 8, 12, 13, 14, 15, 17, 18, 20, 22, 23, 24, 25, 26, 27, 28, 29, 30, 31, 32, 33, 34, 35, 36, 37, 38, 39, 40, 41, 42, 43, 44, 45, 46, 47, 48, 49, 50], [2, 3, 4, 5, 6, 7, 8, 9, 11, 12, 13, 14, 15, 16, 17, 18, 19, 20, 21, 22, 23, 24, 25, 26, 27, 28, 29, 30, 31, 32, 33, 34, 35, 36, 37, 38, 39, 40, 41, 42, 43, 44, 45, 46, 47, 48, 49, 50, 51]]","[2.0, 3.999999999999996, 5.999999999999998, 8.00000000000001, 10.000000000000004, 11.333333333333337, 14.000000000000007]","[2, 4, 6, 8, 10, 12, 14]","[0.0, 3.9968028886505635e-15, 1.7763568394002505e-15, -1.0658141036401503e-14, -3.552713678800501e-15, 0.6666666666666625, -7.105427357601002e-15]"
"[[45], [3, 6, 7, 12, 17, 27, 34, 39, 40, 45, 49], [2, 3, 6, 7, 8, 12, 15, 16, 17, 18, 24, 27, 30, 34, 35, 36, 37, 39, 40, 41, 44, 45, 47, 49, 50, 51], [2, 3, 4, 5, 6, 7, 8, 9, 10, 12, 15, 16, 17, 18, 20, 23, 24, 25, 27, 28, 30, 31, 32, 33, 34, 35, 36, 37, 39, 40, 41, 42, 44, 45, 46, 47, 49, 50, 51], [2, 3, 4, 5, 6, 7, 8, 9, 10, 12, 13, 15, 16, 17, 18, 19, 20, 23, 24, 25, 26, 27, 28, 29, 30, 31, 33, 34, 35, 36, 37, 39, 40, 41, 42, 43, 44, 45, 46, 47, 48, 49, 50, 51]]","[2.0, 3.000000000000006, 4.5000000000000036, 6.500000000000005, 8.500000000000005]","[2, 4, 6, 8, 10]","[0.0, 0.9999999999999938, 1.4999999999999964, 1.4999999999999947, 1.4999999999999947]"
"[[45], [3, 11, 15, 18, 20, 21, 23, 28, 29, 30, 33, 34, 35, 39, 44, 45, 47, 48], [2, 4, 5, 6, 10, 12, 14, 15, 16, 17, 18, 19, 21, 22, 23, 24, 26, 27, 29, 31, 32, 33, 34, 35, 36, 38, 42, 44, 45, 47, 48, 49, 50, 51], [2, 3, 4, 5, 6, 7, 8, 9, 10, 11, 12, 13, 14, 15, 16, 17, 18, 19, 20, 21, 22, 23, 24, 25, 26, 27, 28, 29, 30, 31, 32, 33, 34, 35, 36, 37, 38, 39, 40, 41, 42, 43, 44, 45, 46, 47, 48, 49, 50, 51]]","[2.000000000000001, 3.500000000000002, 5.0, 7.999999999999999]","[2, 4, 6, 8]","[-8.881784197001252e-16, 0.4999999999999978, 1.0, 8.881784197001252e-16]"
"[[45], [6, 7, 10, 18, 22, 26, 28, 29, 35, 37, 38, 42, 44, 45, 47], [3, 6, 7, 9, 10, 13, 14, 15, 17, 18, 22, 24, 26, 28, 29, 30, 32, 33, 35, 36, 37, 38, 42, 43, 44, 45, 49, 50], [2, 3, 5, 6, 7, 8, 9, 10, 12, 13, 14, 15, 16, 17, 18, 20, 21, 22, 23, 24, 25, 26, 27, 28, 29, 30, 32, 33, 34, 35, 36, 37, 38, 41, 42, 43, 44, 45, 46, 47, 48, 49, 50]]","[2.0, 2.451612903225807, 4.0, 6.322580645161294]","[2, 4, 6, 8]","[0.0, 1.548387096774193, 2.0, 1.6774193548387064]"
"[[20, 36, 46], [19, 20, 30, 36, 40, 46, 49], [3, 4, 5, 9, 14, 18, 19, 20, 23, 25, 28, 29, 30, 31, 34, 36, 38, 40, 42, 43, 46, 49, 51], [3, 4, 5, 9, 14, 18, 19, 20, 23, 25, 28, 29, 30, 31, 34, 36, 38, 40, 42, 43, 46, 49, 51], [3, 4, 5, 8, 9, 11, 14, 15, 18, 19, 20, 23, 24, 25, 26, 27, 28, 29, 30, 31, 32, 33, 34, 36, 38, 39, 40, 41, 42, 43, 46, 49, 51], [3, 4, 5, 8, 9, 11, 13, 14, 15, 16, 18, 19, 20, 23, 24, 25, 26, 27, 28, 29, 30, 31, 32, 33, 34, 36, 38, 39, 40, 41, 42, 43, 45, 46, 49, 51], [3, 4, 5, 6, 7, 8, 9, 10, 11, 13, 14, 15, 16, 17, 18, 19, 20, 21, 23, 24, 25, 26, 27, 28, 29, 30, 31, 32, 33, 34, 36, 38, 39, 40, 41, 42, 43, 44, 45, 46, 49, 51], [2, 3, 4, 5, 7, 8, 9, 10, 11, 13, 14, 15, 16, 17, 18, 19, 20, 21, 22, 23, 24, 25, 26, 27, 28, 29, 30, 31, 32, 33, 34, 35, 36, 37, 38, 39, 40, 41, 42, 43, 44, 45, 46, 47, 49, 50, 51]]","[0.0, 2.0, 1.9999999999999998, 1.9999999999999998, 3.9999999999999996, 4.999999999999999, 8.0, 11.999999999999998]","[2, 4, 8, 8, 10, 12, 14, 16]","[2.0, 2.0, 6.0, 6.0, 6.0, 7.000000000000001, 6.0, 4.000000000000002]"
"[[45], [12, 16, 19, 30, 33, 39, 46], [8, 12, 16, 19, 20, 30, 32, 33, 39, 46, 50], [2, 4, 13, 18, 21, 24, 31, 35, 36, 43, 45, 48], [2, 4, 13, 18, 21, 22, 23, 24, 27, 31, 35, 36, 43, 45, 48], [2, 4, 5, 13, 18, 21, 22, 23, 24, 27, 31, 35, 36, 38, 40, 41, 43, 45, 48], [2, 5, 9, 10, 13, 15, 18, 21, 22, 23, 24, 26, 27, 31, 34, 35, 36, 38, 41, 43, 44, 45, 51], [2, 4, 5, 9, 10, 13, 15, 18, 21, 22, 23, 24, 26, 27, 29, 31, 34, 35, 36, 38, 40, 41, 43, 44, 45, 48, 51], [2, 3, 4, 7, 9, 11, 13, 14, 16, 18, 19, 21, 22, 23, 24, 27, 29, 30, 31, 33, 34, 35, 36, 37, 38, 39, 40, 41, 43, 45, 46, 47, 48, 49, 50, 51], [2, 3, 4, 5, 7, 8, 10, 11, 12, 13, 14, 16, 18, 19, 20, 21, 22, 23, 24, 25, 27, 28, 29, 30, 31, 32, 33, 35, 36, 37, 38, 39, 40, 41, 43, 45, 46, 47, 48, 49, 50], [2, 3, 4, 5, 7, 8, 9, 10, 12, 13, 15, 16, 18, 19, 20, 21, 22, 23, 24, 26, 27, 29, 30, 31, 32, 33, 34, 35, 36, 38, 39, 40, 41, 43, 44, 45, 46, 47, 48, 49, 50, 51], [2, 3, 4, 5, 6, 7, 8, 9, 10, 11, 12, 13, 14, 16, 17, 18, 19, 20, 21, 22, 23, 24, 25, 26, 27, 28, 29, 30, 31, 32, 33, 34, 35, 36, 37, 38, 39, 40, 41, 42, 43, 44, 45, 46, 47, 48, 49, 50, 51]]","[2.0, 3.8797814207650276, 5.781420765027317, 7.704918032786886, 9.704918032786889, 11.715846994535523, 13.693989071038253, 15.453551912568306, 17.82513661202186, 19.759562841530066, 21.781420765027324, 23.737704918032783]","[2, 4, 6, 8, 10, 12, 14, 16, 18, 20, 22, 24]","[0.0, 0.12021857923497237, 0.21857923497268317, 0.29508196721311375, 0.2950819672131111, 0.28415300546447675, 0.3060109289617472, 0.5464480874316937, 0.17486338797813872, 0.24043715846993408, 0.21857923497267606, 0.26229508196721696]"
"[[2, 6, 8, 15, 24, 27, 31, 33, 45], [2, 7, 10, 11, 15, 20, 21, 22, 23, 24, 25, 29, 31, 32, 33, 34, 35, 37, 39, 45, 49, 51], [2, 3, 4, 5, 6, 7, 8, 9, 10, 11, 12, 13, 14, 15, 17, 19, 20, 21, 22, 23, 24, 25, 26, 27, 29, 30, 31, 32, 33, 34, 35, 36, 37, 38, 39, 40, 41, 42, 43, 44, 45, 47, 48, 49, 50, 51]]","[0.0, 0.0, 1.0]","[2, 4, 6]","[2.0, 4.0, 5.0]"
"[[45], [4, 5, 6, 8, 10, 13, 14, 16, 17, 19, 23, 25, 27, 29, 30, 32, 34, 35, 36, 39, 41, 42, 44, 45, 50], [2, 4, 5, 6, 7, 8, 9, 10, 11, 12, 13, 14, 15, 16, 17, 19, 20, 21, 22, 23, 24, 25, 26, 27, 29, 30, 31, 32, 33, 34, 35, 36, 37, 39, 40, 41, 42, 44, 45, 48, 49, 50, 51]]","[2.0, 3.0, 4.0]","[2, 4, 6]","[0.0, 1.0, 2.0]"
"[[45], [5, 16, 19, 22, 32, 39, 41, 44, 50, 51], [4, 5, 9, 15, 16, 19, 22, 24, 25, 28, 32, 33, 35, 36, 37, 39, 41, 43, 44, 50, 51], [2, 4, 5, 6, 9, 11, 14, 15, 16, 18, 19, 20, 21, 22, 24, 25, 28, 32, 33, 35, 36, 37, 39, 41, 42, 43, 44, 45, 46, 49, 50, 51], [2, 4, 5, 6, 9, 10, 11, 12, 14, 15, 16, 18, 19, 20, 21, 22, 24, 25, 26, 28, 30, 32, 33, 34, 35, 36, 37, 38, 39, 40, 41, 42, 43, 44, 45, 46, 47, 48, 49, 50, 51]]","[2.000000000000003, 3.333333333333335, 4.666666666666666, 6.666666666666666, 8.666666666666666]","[2, 4, 6, 8, 10]","[-3.1086244689504383e-15, 0.6666666666666652, 1.333333333333334, 1.333333333333334, 1.333333333333334]"
"[[21, 24, 35, 43, 45], [2, 21, 23, 24, 27, 35, 43, 45], [2, 9, 21, 23, 24, 27, 35, 43, 45], [2, 18, 21, 23, 24, 27, 35, 40, 43, 45, 48], [2, 4, 13, 16, 18, 19, 21, 23, 24, 27, 30, 31, 33, 35, 39, 40, 43, 45, 46, 48], [2, 4, 5, 13, 16, 18, 19, 21, 23, 24, 27, 30, 31, 33, 35, 39, 40, 43, 45, 46, 48], [2, 4, 5, 9, 13, 16, 18, 19, 21, 23, 24, 27, 30, 31, 33, 34, 35, 36, 39, 40, 43, 45, 46, 48], [2, 4, 5, 9, 12, 13, 16, 18, 19, 20, 21, 22, 23, 24, 27, 30, 31, 33, 34, 35, 36, 39, 40, 43, 45, 46, 48, 50], [2, 4, 5, 9, 12, 13, 15, 16, 18, 19, 20, 21, 22, 23, 24, 26, 27, 30, 31, 33, 34, 35, 36, 38, 39, 40, 41, 43, 45, 46, 48, 50, 51], [2, 3, 4, 5, 7, 9, 12, 13, 14, 15, 16, 18, 19, 20, 21, 22, 23, 24, 25, 26, 27, 29, 30, 31, 33, 34, 35, 36, 37, 38, 39, 40, 41, 43, 45, 46, 47, 48, 50, 51], [2, 3, 4, 5, 7, 9, 10, 11, 12, 13, 14, 15, 16, 18, 19, 20, 21, 22, 23, 24, 25, 26, 27, 29, 30, 31, 32, 33, 34, 35, 36, 37, 38, 39, 40, 41, 43, 45, 46, 47, 48, 49, 50, 51], [2, 3, 4, 5, 6, 7, 9, 10, 11, 12, 13, 14, 15, 16, 18, 19, 20, 21, 22, 23, 24, 25, 26, 27, 28, 29, 30, 31, 32, 33, 34, 35, 36, 37, 38, 39, 40, 41, 43, 44, 45, 46, 47, 48, 49, 50, 51]]","[0.9999999999999999, 1.0, 2.1999999999999975, 3.0, 4.0, 4.799999999999999, 6.999999999999995, 8.933333333333325, 10.733333333333325, 13.933333333333337, 16.733333333333334, 21.733333333333334]","[4, 4, 6, 8, 10, 12, 14, 16, 18, 20, 22, 24]","[3.0, 3.0, 3.8000000000000025, 5.0, 6.0, 7.200000000000001, 7.000000000000005, 7.066666666666675, 7.266666666666675, 6.066666666666663, 5.266666666666666, 2.2666666666666657]"
"[[45], [5, 10, 12, 24, 26, 30, 32, 34, 36, 38, 39, 40, 41, 44, 48], [5, 10, 12, 16, 17, 19, 22, 24, 26, 27, 30, 31, 32, 34, 36, 38, 39, 40, 41, 44, 48, 50], [3, 4, 5, 9, 10, 12, 15, 16, 17, 19, 22, 24, 26, 27, 30, 31, 32, 33, 34, 35, 36, 37, 38, 39, 40, 41, 43, 44, 48, 49, 50, 51], [2, 4, 5, 6, 7, 8, 9, 10, 11, 12, 15, 16, 18, 19, 20, 21, 22, 24, 25, 26, 28, 29, 30, 32, 33, 34, 35, 36, 37, 38, 39, 40, 41, 42, 43, 44, 45, 46, 47, 48, 49, 50, 51]]","[2.0, 2.9444444444444433, 3.8888888888888906, 5.222222222222224, 6.388888888888889]","[2, 4, 6, 8, 10]","[0.0, 1.0555555555555567, 2.1111111111111094, 2.777777777777776, 3.6111111111111107]"
"[[45], [4, 30, 31, 34, 40, 42, 46, 49], [2, 9, 14, 16, 18, 19, 25, 28, 35, 37, 47, 50, 51], [4, 5, 8, 11, 14, 18, 19, 25, 26, 28, 30, 31, 33, 34, 36, 40, 42, 45, 46, 49], [4, 5, 8, 11, 12, 13, 14, 17, 18, 19, 20, 25, 26, 28, 30, 31, 33, 34, 36, 38, 40, 41, 42, 45, 46, 49], [3, 4, 5, 8, 10, 11, 12, 13, 14, 17, 18, 19, 20, 21, 23, 25, 26, 28, 29, 30, 31, 33, 34, 36, 38, 39, 40, 42, 44, 45, 46, 49], [3, 4, 5, 6, 7, 8, 9, 10, 11, 13, 14, 15, 18, 19, 20, 21, 22, 23, 24, 25, 26, 27, 28, 29, 30, 31, 32, 33, 34, 36, 39, 40, 41, 42, 43, 44, 45, 46, 48, 49, 51], [2, 3, 4, 5, 6, 7, 8, 9, 10, 11, 13, 14, 15, 16, 18, 19, 20, 21, 22, 23, 24, 25, 26, 27, 28, 29, 30, 31, 32, 33, 34, 35, 36, 37, 39, 40, 41, 42, 43, 44, 45, 46, 47, 48, 49, 50, 51]]","[2.0, 4.0, 6.000000000000001, 7.999999999999999, 9.925925925925927, 11.851851851851848, 13.629629629629635, 15.629629629629635]","[2, 4, 6, 8, 10, 12, 14, 16]","[0.0, 0.0, -8.881784197001252e-16, 8.881784197001252e-16, 0.07407407407407263, 0.14814814814815236, 0.3703703703703649, 0.3703703703703649]"
"[[45], [4, 5, 6, 8, 10, 13, 14, 17, 19, 20, 23, 25, 26, 27, 29, 30, 32, 34, 35, 36, 39, 41, 42, 44, 50, 51], [2, 3, 4, 5, 6, 7, 8, 10, 11, 12, 13, 14, 15, 17, 19, 20, 21, 22, 23, 24, 25, 26, 27, 29, 30, 31, 32, 33, 34, 35, 36, 37, 39, 40, 41, 42, 44, 47, 48, 49, 50, 51]]","[2.0, 3.333333333333333, 5.0]","[2, 4, 6]","[0.0, 0.666666666666667, 1.0]"
"[[45], [3, 5, 31, 34, 38, 41, 42, 49], [3, 5, 8, 12, 17, 23, 24, 28, 30, 31, 33, 34, 36, 37, 38, 39, 47, 49, 50], [3, 5, 6, 8, 11, 12, 13, 14, 18, 19, 22, 23, 24, 30, 31, 33, 34, 36, 37, 38, 39, 41, 42, 43, 47, 49, 50], [2, 3, 4, 7, 8, 9, 12, 14, 17, 20, 21, 23, 24, 25, 26, 28, 29, 30, 31, 32, 33, 35, 36, 37, 39, 40, 44, 45, 46, 47, 48, 49, 50, 51], [2, 3, 4, 5, 6, 7, 8, 9, 12, 13, 14, 17, 19, 20, 21, 22, 23, 24, 25, 26, 28, 29, 30, 31, 32, 33, 34, 35, 36, 37, 39, 40, 41, 43, 44, 45, 46, 47, 48, 49, 50, 51], [2, 3, 4, 5, 6, 7, 8, 9, 10, 11, 12, 13, 14, 15, 16, 17, 18, 19, 20, 21, 22, 23, 24, 25, 26, 27, 28, 29, 30, 31, 32, 33, 34, 35, 36, 37, 38, 39, 40, 41, 42, 43, 44, 45, 46, 47, 48, 49, 50, 51]]","[2.0, 4.0, 6.0000000000000036, 7.935483870967742, 9.806451612903226, 11.580645161290334, 14.0]","[2, 4, 6, 8, 10, 12, 14]","[0.0, 0.0, -3.552713678800501e-15, 0.06451612903225801, 0.19354838709677402, 0.4193548387096655, 0.0]"
"[[2, 4, 7, 25, 26, 45], [3, 5, 8, 12, 24, 31, 33, 34, 37, 39, 47, 49], [2, 3, 4, 5, 7, 8, 12, 17, 23, 24, 25, 26, 28, 31, 33, 34, 37, 39, 45, 47, 49], [2, 3, 4, 5, 7, 8, 12, 13, 17, 18, 22, 23, 24, 25, 26, 28, 31, 33, 34, 37, 39, 41, 45, 47, 49], [2, 3, 4, 5, 7, 8, 12, 13, 14, 17, 18, 21, 22, 23, 24, 25, 26, 28, 30, 31, 33, 34, 36, 37, 38, 39, 41, 42, 45, 47, 49, 50], [2, 3, 4, 5, 6, 7, 8, 9, 11, 12, 13, 14, 17, 18, 19, 20, 21, 22, 23, 24, 25, 26, 28, 29, 30, 31, 32, 33, 34, 36, 37, 38, 39, 41, 42, 44, 45, 47, 49, 50, 51], [2, 3, 4, 5, 6, 7, 8, 9, 11, 12, 13, 14, 15, 16, 17, 18, 19, 20, 21, 22, 23, 24, 25, 26, 27, 28, 29, 30, 31, 32, 33, 34, 35, 36, 37, 38, 39, 40, 41, 42, 43, 44, 45, 47, 48, 49, 50, 51]]","[1.7714285714285731, 2.8000000000000007, 4.285714285714289, 5.371428571428574, 7.142857142857147, 9.314285714285717, 13.657142857142858]","[2, 4, 6, 8, 10, 12, 14]","[0.22857142857142687, 1.1999999999999993, 1.7142857142857109, 2.6285714285714263, 2.857142857142853, 2.6857142857142833, 0.34285714285714164]"
"[[45], [6, 7, 10, 18, 21, 22, 23, 28, 29, 35, 37, 38, 42, 44, 45, 47], [3, 5, 6, 7, 8, 9, 10, 14, 15, 16, 17, 18, 21, 22, 23, 24, 26, 27, 28, 29, 30, 32, 33, 35, 36, 37, 38, 42, 43, 44, 45, 47, 49, 50], [3, 5, 6, 7, 8, 9, 10, 13, 14, 15, 16, 17, 18, 19, 20, 21, 22, 23, 24, 26, 27, 28, 29, 30, 32, 33, 34, 35, 36, 37, 38, 40, 41, 42, 43, 44, 45, 46, 47, 48, 49, 50, 51]]","[2.0, 2.0, 4.0, 5.999999999999999]","[2, 4, 6, 8]","[0.0, 2.0, 2.0, 2.000000000000001]"
"[[45], [3, 7, 9, 13, 15, 17, 26, 29, 32, 35, 36, 43, 45, 50], [3, 5, 6, 7, 10, 12, 15, 17, 18, 21, 22, 23, 26, 27, 28, 29, 32, 35, 36, 37, 38, 42, 43, 44, 45, 46, 47, 48, 50], [3, 5, 6, 7, 8, 9, 10, 12, 13, 14, 15, 16, 17, 18, 19, 20, 21, 22, 23, 24, 26, 27, 28, 29, 30, 32, 33, 34, 35, 36, 37, 38, 41, 42, 43, 44, 45, 46, 47, 48, 49, 50, 51]]","[2.0, 3.249999999999999, 4.333333333333334, 6.083333333333334]","[2, 4, 6, 8]","[0.0, 0.7500000000000009, 1.666666666666666, 1.916666666666666]"
"[[45], [3, 5, 8, 12, 24, 31, 33, 34, 37, 39, 47, 49], [2, 4, 7, 8, 12, 17, 20, 23, 25, 26, 28, 33, 35, 37, 40, 44, 45, 46, 47], [2, 3, 4, 5, 7, 8, 12, 17, 20, 23, 24, 25, 26, 28, 30, 31, 33, 34, 36, 37, 38, 39, 44, 45, 47, 49, 50], [3, 5, 6, 8, 9, 11, 12, 13, 14, 18, 19, 21, 22, 23, 24, 27, 29, 30, 31, 32, 33, 34, 36, 37, 38, 39, 41, 42, 43, 47, 48, 49, 50, 51], [2, 3, 4, 5, 6, 7, 8, 9, 11, 12, 13, 14, 17, 18, 19, 20, 21, 22, 23, 24, 25, 26, 28, 29, 30, 31, 32, 33, 34, 36, 37, 39, 41, 43, 44, 45, 47, 48, 49, 50, 51], [2, 3, 4, 5, 6, 7, 8, 9, 11, 12, 13, 14, 15, 16, 17, 18, 19, 20, 21, 22, 23, 24, 25, 26, 27, 28, 29, 30, 31, 32, 33, 34, 35, 36, 37, 38, 39, 40, 41, 42, 43, 44, 45, 46, 47, 48, 49, 50, 51]]","[2.0, 3.8726591760299662, 5.363295880149812, 7.370786516853934, 9.138576779026215, 11.108614232209742, 14.000000000000002]","[2, 4, 6, 8, 10, 12, 14]","[0.0, 0.12734082397003377, 0.6367041198501884, 0.6292134831460663, 0.8614232209737853, 0.8913857677902577, -1.7763568394002505e-15]"
"[[2, 17, 26, 31], [2, 3, 4, 5, 6, 7, 8, 9, 10, 11, 12, 13, 14, 15, 16, 17, 18, 19, 20, 21, 22, 23, 24, 25, 26, 28, 29, 30, 31, 32, 33, 34, 35, 36, 37, 38, 39, 41, 44, 45, 46, 47, 48, 49, 50, 51], [2, 3, 4, 5, 6, 7, 8, 9, 10, 11, 12, 13, 14, 15, 16, 17, 18, 19, 20, 21, 22, 23, 24, 25, 26, 28, 29, 30, 31, 32, 33, 34, 35, 36, 37, 38, 39, 41, 44, 45, 46, 47, 48, 49, 50, 51], [2, 3, 4, 5, 6, 7, 8, 9, 10, 11, 12, 13, 14, 15, 16, 17, 18, 19, 20, 21, 22, 23, 24, 25, 26, 28, 29, 30, 31, 32, 33, 34, 35, 36, 37, 38, 39, 40, 41, 42, 44, 45, 46, 47, 48, 49, 50, 51]]","[0.0, 0.0, 0.0, 4.0]","[2, 6, 6, 8]","[2.0, 6.0, 6.0, 4.0]"
"[[21, 29, 47], [3, 4, 5, 6, 7, 10, 11, 14, 15, 20, 21, 23, 28, 29, 30, 32, 33, 34, 35, 39, 44, 45, 47, 48, 51], [3, 4, 5, 6, 7, 10, 11, 12, 14, 15, 16, 18, 19, 20, 21, 22, 23, 28, 29, 30, 32, 33, 34, 35, 36, 37, 39, 44, 45, 47, 48, 49, 50, 51], [2, 3, 4, 5, 6, 7, 8, 9, 10, 11, 12, 13, 14, 15, 16, 17, 18, 19, 20, 21, 22, 23, 24, 25, 26, 27, 28, 29, 30, 31, 32, 33, 34, 35, 36, 37, 38, 39, 40, 41, 42, 43, 44, 45, 46, 47, 48, 49, 50, 51]]","[0.7999999999999998, 2.4, 4.0, 8.0]","[2, 4, 6, 8]","[1.2000000000000002, 1.6, 2.0, 0.0]"
"[[45], [6, 7, 8, 10, 11, 12, 14, 17, 20, 21, 22, 23, 25, 26, 27, 29, 32, 34, 36, 37, 39, 40, 44, 48, 49, 50, 51], [2, 4, 5, 6, 7, 8, 10, 11, 12, 13, 14, 15, 16, 17, 18, 19, 20, 21, 22, 23, 25, 26, 27, 28, 29, 30, 32, 33, 34, 35, 36, 37, 39, 40, 41, 42, 44, 45, 46, 48, 49, 50, 51]]","[2.0, 3.4000000000000004, 4.800000000000001]","[2, 4, 6]","[0.0, 0.5999999999999996, 1.1999999999999993]"
"[[8, 11, 13, 26, 33, 41, 45], [8, 11, 13, 26, 33, 41, 45], [4, 9, 14, 18, 19, 25, 28, 30, 31, 34, 39, 40, 42, 43, 49, 51], [4, 5, 8, 11, 12, 13, 20, 26, 29, 30, 31, 33, 34, 36, 38, 40, 41, 42, 45, 46, 49], [4, 5, 8, 9, 11, 12, 13, 14, 18, 19, 20, 25, 26, 28, 29, 30, 31, 33, 34, 36, 38, 39, 40, 41, 42, 43, 45, 46, 49, 51], [3, 4, 5, 6, 8, 9, 11, 12, 13, 14, 18, 19, 20, 23, 25, 26, 28, 29, 30, 31, 33, 34, 36, 38, 39, 40, 41, 42, 43, 45, 46, 49, 51], [2, 3, 4, 5, 7, 8, 9, 11, 12, 13, 14, 16, 18, 19, 20, 23, 25, 26, 28, 29, 30, 31, 33, 34, 35, 36, 37, 38, 39, 40, 41, 42, 43, 45, 46, 47, 49, 50, 51], [2, 3, 4, 5, 6, 7, 8, 9, 10, 11, 12, 13, 14, 16, 17, 18, 19, 20, 21, 22, 23, 25, 26, 28, 29, 30, 31, 33, 34, 35, 36, 37, 38, 39, 40, 41, 42, 43, 44, 45, 46, 49, 50, 51]]","[1.3684210526315785, 1.368421052631579, 2.947368421052632, 3.473684210526314, 4.105263157894736, 5.684210526315785, 8.000000000000005, 11.68421052631579]","[4, 4, 6, 8, 10, 12, 14, 16]","[2.6315789473684212, 2.6315789473684212, 3.052631578947368, 4.526315789473686, 5.894736842105264, 6.315789473684215, 5.999999999999995, 4.315789473684211]"
"[[45], [2, 4, 8, 12, 23, 26, 28, 33, 37, 45, 47], [3, 5, 8, 12, 13, 22, 23, 24, 28, 31, 33, 34, 37, 38, 39, 41, 42, 47, 49], [3, 5, 8, 9, 12, 13, 14, 22, 23, 24, 28, 30, 31, 33, 34, 36, 37, 38, 39, 41, 42, 47, 49, 50], [2, 3, 4, 5, 6, 8, 9, 12, 13, 14, 18, 19, 21, 22, 23, 24, 26, 28, 30, 31, 33, 34, 36, 37, 38, 39, 41, 42, 45, 47, 49, 50], [2, 3, 4, 5, 6, 7, 8, 9, 12, 13, 14, 17, 18, 19, 20, 21, 22, 23, 24, 25, 26, 28, 29, 30, 31, 32, 33, 34, 36, 37, 38, 39, 40, 41, 42, 44, 45, 46, 47, 49, 50, 51], [2, 3, 4, 5, 6, 7, 8, 9, 11, 12, 13, 14, 15, 16, 17, 18, 19, 20, 21, 22, 23, 24, 25, 26, 27, 28, 29, 30, 31, 32, 33, 34, 35, 36, 37, 38, 39, 40, 41, 42, 43, 44, 45, 46, 47, 48, 49, 50, 51]]","[2.0, 3.0, 4.500000000000005, 5.5000000000000036, 7.500000000000002, 10.000000000000005, 13.999999999999996]","[2, 4, 6, 8, 10, 12, 14]","[0.0, 1.0, 1.4999999999999947, 2.4999999999999964, 2.4999999999999982, 1.9999999999999947, 3.552713678800501e-15]"
"[[45], [13, 17, 19, 26, 29, 38, 39, 43, 48], [3, 4, 5, 6, 7, 9, 12, 20, 23, 24, 25, 30, 32, 33, 34, 35, 36, 40, 42, 46, 50], [2, 3, 4, 5, 6, 7, 8, 9, 10, 12, 15, 17, 18, 20, 23, 24, 25, 28, 30, 31, 32, 33, 34, 35, 36, 39, 40, 42, 44, 45, 46, 50], [2, 3, 4, 5, 6, 7, 8, 9, 10, 12, 13, 15, 17, 18, 19, 20, 23, 24, 25, 26, 28, 29, 30, 31, 32, 33, 34, 35, 36, 38, 39, 40, 42, 43, 44, 45, 46, 48, 49, 50]]","[2.0, 4.000000000000001, 6.0, 7.500000000000005, 9.500000000000002]","[2, 4, 6, 8, 10]","[0.0, -8.881784197001252e-16, 0.0, 0.49999999999999467, 0.4999999999999982]"
"[[7, 11, 20, 21, 22, 23, 34, 37, 48, 49, 51], [4, 5, 6, 7, 8, 10, 11, 13, 14, 17, 19, 20, 21, 22, 23, 25, 26, 27, 29, 30, 32, 34, 35, 36, 37, 39, 41, 42, 44, 48, 49, 50, 51], [2, 4, 5, 6, 7, 8, 9, 10, 11, 12, 13, 14, 15, 17, 18, 19, 20, 21, 22, 23, 24, 25, 26, 27, 29, 30, 31, 32, 33, 34, 35, 36, 37, 39, 40, 41, 42, 44, 45, 48, 49, 50, 51]]","[0.0, 1.0, 1.0]","[2, 4, 6]","[2.0, 3.0, 5.0]"
"[[45], [18, 27, 31, 44, 45, 48, 50], [5, 12, 14, 18, 25, 26, 27, 31, 36, 42, 44, 45, 48, 50, 51], [2, 3, 7, 8, 11, 16, 17, 18, 20, 21, 26, 27, 29, 30, 31, 33, 34, 35, 43, 44, 45, 47, 49, 50], [2, 3, 5, 7, 8, 11, 12, 14, 15, 16, 17, 18, 20, 21, 24, 25, 26, 27, 29, 30, 31, 33, 34, 35, 36, 41, 43, 44, 45, 47, 48, 49, 50, 51], [2, 3, 4, 5, 7, 8, 11, 12, 14, 15, 16, 17, 18, 19, 20, 21, 24, 25, 26, 27, 28, 29, 30, 31, 33, 34, 35, 36, 37, 38, 39, 41, 42, 43, 44, 45, 47, 48, 49, 50, 51]]","[2.0, 4.0, 6.0, 8.000000000000002, 9.999999999999995, 11.916434540389966]","[2, 4, 6, 8, 10, 12]","[0.0, 0.0, 0.0, -1.7763568394002505e-15, 5.329070518200751e-15, 0.0835654596100337]"
"[[45], [4, 19, 30, 31, 34, 40, 42, 49], [9, 11, 14, 16, 18, 19, 25, 26, 28, 39, 47, 50, 51], [2, 9, 14, 16, 18, 19, 25, 28, 30, 31, 34, 35, 37, 39, 40, 47, 49, 50, 51], [3, 4, 5, 9, 10, 12, 14, 17, 18, 19, 20, 21, 23, 25, 28, 30, 31, 34, 36, 38, 39, 40, 42, 44, 46, 49, 51], [2, 3, 4, 5, 9, 10, 12, 14, 16, 17, 18, 19, 20, 21, 23, 25, 28, 30, 31, 34, 35, 36, 37, 38, 39, 40, 42, 44, 46, 47, 49, 50, 51], [4, 5, 7, 8, 9, 10, 11, 12, 13, 14, 15, 17, 18, 19, 20, 21, 22, 23, 24, 25, 26, 27, 28, 30, 31, 33, 34, 36, 38, 39, 40, 41, 42, 43, 44, 45, 46, 48, 49, 51], [2, 4, 5, 7, 8, 9, 10, 11, 12, 13, 14, 15, 16, 17, 18, 19, 20, 21, 22, 23, 24, 25, 26, 27, 28, 30, 31, 33, 34, 35, 36, 37, 38, 39, 40, 41, 42, 43, 44, 45, 46, 47, 48, 49, 50, 51]]","[2.0, 4.0, 5.546468401486986, 7.6505576208178425, 9.650557620817844, 11.650557620817844, 13.576208178438648, 15.472118959107792]","[2, 4, 6, 8, 10, 12, 14, 16]","[0.0, 0.0, 0.45353159851301417, 0.3494423791821575, 0.3494423791821557, 0.3494423791821557, 0.42379182156135187, 0.5278810408922077]"
"[[45], [18, 27, 31, 44, 45, 48, 50], [5, 12, 14, 18, 19, 25, 26, 27, 31, 36, 44, 45, 48, 50, 51], [4, 5, 9, 12, 14, 18, 19, 25, 26, 27, 31, 36, 37, 38, 39, 41, 42, 44, 45, 46, 48, 50, 51], [2, 3, 6, 7, 8, 10, 11, 12, 13, 15, 16, 17, 18, 20, 21, 22, 23, 24, 26, 27, 28, 29, 30, 31, 32, 33, 34, 35, 36, 40, 43, 44, 45, 47, 48, 49, 50], [2, 3, 4, 5, 7, 8, 11, 12, 14, 15, 16, 17, 18, 19, 20, 21, 22, 24, 25, 26, 27, 28, 29, 30, 31, 33, 34, 35, 36, 37, 38, 39, 41, 42, 43, 44, 45, 47, 48, 49, 50, 51]]","[2.0, 3.9999999999999996, 6.000000000000002, 7.999999999999998, 10.000000000000007, 11.996007984031934]","[2, 4, 6, 8, 10, 12]","[0.0, 4.440892098500626e-16, -1.7763568394002505e-15, 1.7763568394002505e-15, -7.105427357601002e-15, 0.003992015968066198]"
"[[45], [5, 10, 12, 24, 26, 32, 36, 39, 40, 41, 44], [4, 5, 9, 10, 12, 15, 16, 19, 24, 26, 32, 35, 36, 39, 40, 41, 43, 44, 48, 50], [4, 5, 8, 9, 10, 12, 15, 16, 17, 19, 22, 23, 24, 25, 26, 27, 28, 29, 30, 31, 32, 34, 35, 36, 38, 39, 40, 41, 43, 44, 47, 48, 50, 51], [2, 4, 5, 8, 9, 10, 11, 12, 15, 16, 17, 18, 19, 21, 22, 23, 24, 25, 26, 27, 28, 29, 30, 31, 32, 33, 34, 35, 36, 37, 38, 39, 40, 41, 42, 43, 44, 47, 48, 49, 50, 51]]","[2.0, 3.5000000000000027, 4.999999999999998, 6.500000000000022, 8.166666666666702]","[2, 4, 6, 8, 10]","[0.0, 0.49999999999999734, 1.0000000000000018, 1.4999999999999778, 1.8333333333332984]"
"[[2, 15, 41], [2, 3, 6, 7, 12, 15, 17, 22, 24, 27, 34, 35, 39, 40, 41, 45, 47, 49], [2, 3, 6, 7, 10, 12, 15, 17, 22, 24, 27, 28, 34, 35, 39, 40, 41, 45, 47, 49, 50], [2, 3, 4, 5, 6, 7, 9, 10, 12, 15, 17, 20, 22, 23, 24, 25, 27, 28, 30, 31, 32, 33, 34, 35, 36, 39, 40, 41, 42, 45, 46, 47, 49, 50], [2, 3, 4, 5, 6, 7, 8, 9, 10, 11, 12, 13, 14, 15, 16, 17, 18, 20, 21, 22, 23, 24, 25, 26, 27, 28, 30, 31, 32, 33, 34, 35, 36, 37, 39, 40, 41, 42, 43, 44, 45, 46, 47, 48, 49, 50]]","[1.0, 1.0, 1.0, 2.0, 4.0]","[2, 4, 6, 8, 10]","[1.0, 3.0, 5.0, 6.0, 6.0]"
"[[45], [6, 7, 10, 18, 21, 22, 23, 26, 27, 28, 29, 35, 37, 38, 42, 44, 45, 46, 47, 48], [3, 7, 8, 9, 13, 14, 15, 16, 17, 18, 22, 24, 26, 29, 30, 32, 33, 35, 36, 38, 42, 43, 44, 45, 48, 49, 50], [3, 4, 5, 6, 7, 8, 9, 10, 13, 14, 15, 16, 17, 18, 19, 20, 21, 22, 23, 24, 26, 27, 28, 29, 30, 31, 32, 33, 34, 35, 36, 37, 38, 40, 41, 42, 43, 44, 45, 46, 47, 48, 49, 50, 51]]","[2.0, 3.999999999999999, 5.499999999999998, 7.999999999999999]","[2, 4, 6, 8]","[0.0, 8.881784197001252e-16, 0.5000000000000018, 8.881784197001252e-16]"
"[[45], [5, 10, 16, 19, 22, 32, 39, 41, 44, 50], [5, 9, 10, 12, 16, 19, 22, 24, 26, 32, 33, 36, 37, 39, 40, 41, 44, 48, 50], [2, 4, 5, 9, 10, 11, 15, 16, 18, 19, 20, 21, 22, 32, 33, 35, 37, 39, 41, 42, 43, 44, 45, 46, 49, 50], [2, 4, 5, 9, 10, 11, 12, 13, 15, 16, 17, 18, 19, 20, 21, 22, 24, 26, 27, 28, 30, 31, 32, 33, 34, 35, 36, 37, 38, 39, 40, 41, 42, 43, 44, 45, 46, 48, 49, 50, 51]]","[2.0, 3.3142857142857127, 4.742857142857151, 6.142857142857142, 8.285714285714288]","[2, 4, 6, 8, 10]","[0.0, 0.6857142857142873, 1.2571428571428491, 1.8571428571428577, 1.7142857142857117]"
"[[11, 14, 18, 20, 21, 42, 45, 46], [2, 4, 5, 9, 10, 12, 15, 16, 19, 22, 24, 25, 26, 28, 32, 33, 35, 36, 37, 39, 40, 41, 43, 44, 48, 49, 50, 51], [2, 4, 5, 9, 10, 12, 15, 16, 19, 22, 24, 25, 26, 28, 32, 33, 35, 36, 37, 39, 40, 41, 43, 44, 48, 49, 50, 51], [2, 4, 5, 9, 10, 11, 12, 14, 15, 16, 18, 19, 20, 21, 22, 24, 25, 26, 28, 32, 33, 35, 36, 37, 39, 40, 41, 42, 43, 44, 45, 46, 48, 49, 50, 51], [2, 4, 5, 8, 9, 10, 11, 12, 14, 15, 16, 17, 18, 19, 20, 21, 22, 23, 24, 25, 26, 27, 28, 30, 31, 32, 33, 35, 36, 37, 38, 39, 40, 41, 42, 43, 44, 45, 46, 48, 49, 50, 51]]","[0.0, 0.5000000000000002, 0.5000000000000004, 0.5, 1.0]","[2, 6, 6, 8, 10]","[2.0, 5.5, 5.5, 7.5, 9.0]"
"[[45], [3, 11, 15, 20, 21, 23, 28, 29, 30, 33, 34, 35, 39, 44, 45, 47, 48], [2, 3, 4, 5, 6, 7, 10, 11, 14, 15, 17, 18, 20, 21, 23, 26, 27, 28, 29, 30, 32, 33, 34, 35, 37, 39, 42, 44, 45, 47, 48, 51], [2, 3, 4, 5, 6, 7, 8, 9, 10, 11, 12, 13, 14, 15, 16, 17, 18, 19, 20, 21, 22, 23, 24, 25, 26, 27, 28, 29, 30, 31, 32, 33, 34, 35, 36, 37, 38, 39, 40, 41, 42, 43, 44, 45, 46, 47, 48, 49, 50, 51]]","[2.0, 4.0, 5.428571428571429, 8.0]","[2, 4, 6, 8]","[0.0, 0.0, 0.5714285714285712, 0.0]"
"[[45], [3, 8, 27, 33, 34, 47, 50], [3, 7, 8, 15, 17, 20, 21, 27, 30, 31, 34, 44, 45, 47, 50], [2, 3, 7, 8, 11, 16, 17, 18, 20, 21, 26, 27, 29, 30, 31, 33, 34, 35, 43, 44, 45, 47, 49, 50], [2, 3, 5, 7, 8, 11, 12, 14, 16, 17, 18, 20, 21, 24, 25, 26, 27, 29, 30, 31, 34, 35, 36, 37, 41, 42, 43, 44, 45, 47, 48, 49, 50, 51], [2, 3, 4, 5, 6, 7, 8, 10, 11, 12, 13, 14, 15, 16, 17, 18, 20, 21, 22, 23, 25, 26, 27, 28, 29, 30, 31, 32, 33, 34, 35, 36, 37, 40, 41, 43, 44, 45, 46, 47, 48, 49, 50, 51]]","[2.0, 3.438356164383552, 5.383561643835623, 7.497716894977156, 9.40639269406392, 11.223744292237464]","[2, 4, 6, 8, 10, 12]","[0.0, 0.5616438356164482, 0.6164383561643767, 0.502283105022844, 0.5936073059360805, 0.7762557077625356]"
"[[27, 31, 49], [2, 7, 8, 11, 14, 18, 22, 23, 24, 25, 30, 32, 33, 34, 37, 38, 48, 50], [2, 4, 5, 6, 7, 8, 9, 11, 12, 14, 15, 17, 18, 19, 21, 22, 23, 24, 25, 26, 27, 30, 31, 32, 33, 34, 35, 36, 37, 38, 40, 45, 47, 48, 49, 50], [2, 3, 4, 5, 6, 7, 8, 9, 10, 11, 12, 14, 15, 16, 17, 18, 19, 20, 21, 22, 23, 24, 25, 26, 27, 28, 29, 30, 31, 32, 33, 34, 35, 36, 37, 38, 39, 40, 41, 42, 43, 45, 46, 47, 48, 49, 50]]","[0.0, 0.0, 2.0, 6.0]","[2, 4, 6, 8]","[2.0, 4.0, 4.0, 2.0]"
"[[45], [2, 6, 9, 13, 14, 16, 17, 22, 25, 26, 29, 30, 40, 41, 42, 45, 51], [2, 4, 5, 6, 8, 9, 11, 12, 13, 14, 16, 17, 19, 21, 22, 24, 25, 26, 28, 29, 30, 32, 39, 40, 41, 42, 43, 45, 47, 50, 51], [2, 3, 4, 5, 6, 7, 8, 9, 10, 11, 12, 13, 14, 15, 16, 17, 18, 19, 20, 21, 22, 23, 24, 25, 26, 27, 28, 29, 30, 31, 32, 33, 34, 35, 36, 37, 38, 39, 40, 41, 42, 43, 44, 45, 46, 47, 48, 49, 50, 51]]","[2.0, 4.0, 5.0, 8.0]","[2, 4, 6, 8]","[0.0, 0.0, 1.0, 0.0]"
"[[45], [2, 4, 5, 6, 10, 12, 14, 17, 19, 22, 26, 31, 32, 35, 48, 50, 51], [2, 3, 4, 5, 6, 7, 10, 11, 14, 15, 17, 18, 20, 21, 23, 26, 27, 28, 29, 30, 32, 33, 34, 35, 37, 39, 42, 44, 45, 47, 48, 51], [2, 3, 4, 5, 6, 7, 8, 9, 10, 11, 12, 13, 14, 15, 16, 17, 18, 19, 20, 21, 22, 23, 24, 25, 26, 27, 28, 29, 30, 31, 32, 33, 34, 35, 36, 37, 38, 39, 40, 41, 42, 43, 44, 45, 46, 47, 48, 49, 50, 51]]","[2.0, 3.916666666666666, 5.416666666666667, 8.0]","[2, 4, 6, 8]","[0.0, 0.08333333333333393, 0.583333333333333, 0.0]"
"[[45], [3, 6, 7, 12, 17, 24, 34, 35, 39, 40, 45, 49], [3, 6, 7, 11, 12, 13, 14, 17, 19, 21, 22, 24, 26, 29, 34, 35, 39, 40, 43, 45, 48, 49], [3, 4, 5, 6, 7, 9, 11, 12, 13, 14, 17, 19, 20, 21, 22, 23, 24, 26, 29, 30, 32, 34, 35, 36, 39, 40, 42, 43, 45, 46, 48, 49, 50], [3, 4, 5, 6, 7, 9, 11, 12, 13, 14, 15, 17, 19, 20, 21, 22, 23, 24, 26, 27, 28, 30, 31, 32, 33, 34, 35, 36, 37, 39, 40, 41, 42, 43, 45, 46, 47, 48, 49, 50]]","[2.0, 2.3600000000000003, 2.9600000000000004, 4.279999999999998, 6.359999999999998]","[2, 4, 6, 8, 10]","[0.0, 1.6399999999999997, 3.0399999999999996, 3.7200000000000024, 3.6400000000000023]"
"[[45], [14, 18, 19, 25, 26, 28], [7, 9, 11, 14, 15, 18, 19, 25, 26, 28, 39, 41, 43, 51], [7, 8, 9, 11, 14, 15, 18, 19, 25, 26, 28, 30, 33, 39, 40, 41, 43, 49, 51], [2, 7, 8, 9, 11, 14, 15, 16, 18, 19, 25, 26, 28, 30, 33, 35, 37, 39, 40, 41, 43, 47, 49, 50, 51], [3, 4, 5, 6, 8, 10, 11, 12, 14, 17, 18, 19, 20, 21, 22, 23, 25, 26, 28, 29, 30, 31, 33, 34, 36, 38, 40, 42, 44, 45, 46, 49], [3, 4, 5, 6, 8, 9, 10, 11, 12, 13, 14, 15, 17, 18, 19, 20, 21, 22, 23, 25, 26, 28, 29, 30, 31, 32, 33, 34, 36, 38, 39, 40, 41, 42, 43, 44, 45, 46, 49, 51], [2, 3, 4, 5, 6, 7, 8, 9, 10, 11, 12, 14, 15, 16, 17, 18, 19, 20, 21, 22, 23, 24, 25, 26, 28, 29, 30, 31, 33, 34, 35, 36, 37, 38, 39, 40, 41, 42, 43, 44, 46, 47, 48, 49, 50, 51]]","[2.0, 4.0, 5.937499999999996, 7.875000000000002, 9.875, 11.812499999999996, 13.75, 15.749999999999995]","[2, 4, 6, 8, 10, 12, 14, 16]","[0.0, 0.0, 0.06250000000000444, 0.12499999999999822, 0.125, 0.18750000000000355, 0.25, 0.25000000000000533]"
"[[45], [7, 9, 16, 28, 43, 48, 51], [7, 9, 14, 16, 18, 19, 25, 28, 30, 40, 43, 49, 51], [2, 7, 9, 14, 16, 18, 19, 25, 28, 30, 35, 37, 40, 43, 47, 48, 49, 50, 51], [7, 8, 9, 11, 13, 14, 15, 16, 18, 19, 25, 26, 28, 30, 31, 33, 34, 39, 40, 41, 43, 45, 48, 49, 51], [3, 4, 5, 7, 8, 9, 11, 12, 14, 15, 16, 17, 18, 19, 20, 23, 25, 26, 28, 30, 31, 33, 34, 36, 38, 39, 40, 42, 43, 46, 48, 49, 51], [3, 4, 5, 6, 8, 9, 10, 11, 12, 13, 14, 15, 17, 18, 19, 20, 21, 22, 23, 24, 25, 26, 27, 28, 29, 30, 31, 32, 33, 34, 36, 38, 39, 40, 41, 42, 44, 45, 46, 49], [2, 3, 4, 5, 6, 7, 8, 9, 10, 11, 13, 14, 15, 16, 18, 19, 20, 21, 22, 23, 24, 25, 26, 27, 28, 29, 30, 31, 32, 33, 34, 35, 36, 37, 38, 39, 40, 41, 42, 43, 44, 45, 46, 47, 48, 49, 50, 51]]","[2.0, 3.8315789473684165, 5.894736842105274, 7.831578947368416, 9.789473684210536, 11.72631578947368, 13.389473684210536, 15.747368421052645]","[2, 4, 6, 8, 10, 12, 14, 16]","[0.0, 0.16842105263158347, 0.10526315789472562, 0.1684210526315839, 0.21052631578946368, 0.2736842105263193, 0.610526315789464, 0.252631578947355]"
"[[45], [5, 10, 12, 26, 30, 32, 40, 44, 48], [2, 4, 5, 9, 15, 16, 19, 22, 24, 32, 33, 35, 36, 37, 39, 41, 43, 44, 50], [3, 4, 5, 9, 10, 12, 13, 15, 16, 17, 19, 22, 24, 26, 27, 30, 31, 32, 33, 34, 35, 36, 37, 38, 39, 40, 41, 43, 44, 48, 50, 51], [2, 3, 4, 5, 9, 10, 11, 12, 13, 14, 15, 16, 17, 18, 19, 20, 21, 22, 24, 26, 27, 30, 31, 32, 33, 34, 35, 36, 37, 38, 39, 40, 41, 42, 43, 44, 45, 48, 49, 50]]","[2.0, 3.9503834009923384, 5.943166441136666, 7.745602165087971, 9.653585926928292]","[2, 4, 6, 8, 10]","[0.0, 0.04961659900766158, 0.05683355886333441, 0.2543978349120293, 0.346414073071708]"
"[[45], [4, 5, 6, 10, 14, 15, 17, 23, 26, 32, 34, 35, 44, 45, 48, 51], [2, 3, 4, 5, 6, 7, 10, 11, 14, 15, 17, 18, 20, 21, 23, 26, 27, 28, 29, 30, 32, 33, 34, 35, 37, 39, 42, 44, 45, 47, 48, 51], [2, 3, 4, 5, 6, 7, 8, 9, 10, 11, 12, 13, 14, 15, 16, 17, 18, 19, 20, 21, 22, 23, 24, 25, 26, 27, 28, 29, 30, 31, 32, 33, 34, 35, 36, 37, 38, 39, 40, 41, 42, 43, 44, 45, 46, 47, 48, 49, 50, 51]]","[2.0, 3.5, 5.0, 8.0]","[2, 4, 6, 8]","[0.0, 0.5, 1.0, 0.0]"
"[[45], [12, 17, 21, 22, 27, 39, 41, 45, 47, 49], [3, 6, 7, 12, 15, 17, 21, 22, 24, 27, 34, 35, 39, 40, 41, 45, 47, 49, 50], [3, 4, 5, 6, 7, 9, 12, 15, 17, 20, 21, 22, 23, 24, 25, 27, 30, 32, 34, 35, 36, 39, 40, 41, 42, 45, 46, 47, 49, 50], [3, 4, 5, 6, 7, 9, 10, 11, 12, 13, 15, 17, 19, 20, 21, 22, 23, 24, 25, 26, 27, 28, 30, 31, 32, 33, 34, 35, 36, 39, 40, 41, 42, 43, 45, 46, 47, 48, 49, 50]]","[2.0, 3.684210526315789, 5.052631578947367, 7.157894736842104, 9.368421052631579]","[2, 4, 6, 8, 10]","[0.0, 0.31578947368421106, 0.9473684210526327, 0.8421052631578956, 0.6315789473684212]"
"[[45], [3, 6, 7, 12, 17, 22, 27, 34, 39, 40, 45, 49], [2, 11, 12, 13, 14, 15, 16, 17, 19, 21, 22, 26, 27, 29, 37, 39, 41, 43, 45, 47, 48, 49, 51], [2, 3, 6, 7, 8, 11, 12, 13, 14, 15, 16, 17, 18, 19, 21, 22, 24, 26, 27, 29, 34, 35, 37, 39, 40, 41, 43, 44, 45, 47, 48, 49, 50, 51], [2, 3, 4, 6, 7, 8, 9, 11, 12, 13, 14, 15, 16, 17, 18, 19, 20, 21, 22, 23, 24, 26, 27, 29, 30, 32, 34, 35, 36, 37, 38, 39, 40, 41, 43, 44, 45, 46, 47, 48, 49, 50, 51]]","[2.0, 4.0, 6.0000000000000036, 7.636363636363635, 9.636363636363647]","[2, 4, 6, 8, 10]","[0.0, 0.0, -3.552713678800501e-15, 0.3636363636363651, 0.36363636363635266]"
"[[8, 11, 26, 33], [8, 11, 13, 26, 33, 39, 45], [4, 5, 8, 9, 11, 13, 14, 18, 19, 25, 26, 28, 30, 31, 33, 34, 36, 39, 40, 42, 45, 46, 49, 51], [4, 5, 8, 9, 11, 13, 14, 18, 19, 25, 26, 28, 30, 31, 33, 34, 36, 39, 40, 42, 45, 46, 49, 51], [4, 5, 8, 9, 11, 13, 14, 18, 19, 23, 25, 26, 28, 30, 31, 33, 34, 36, 39, 40, 42, 45, 46, 49, 51], [3, 4, 5, 6, 8, 9, 11, 12, 13, 14, 17, 18, 19, 20, 23, 25, 26, 28, 29, 30, 31, 32, 33, 34, 36, 38, 39, 40, 42, 45, 46, 49, 51], [2, 3, 4, 5, 6, 7, 8, 9, 11, 12, 13, 14, 16, 17, 18, 19, 20, 23, 25, 26, 28, 29, 30, 31, 32, 33, 34, 36, 37, 38, 39, 40, 42, 43, 45, 46, 47, 49, 51], [2, 3, 4, 5, 6, 7, 8, 9, 10, 11, 12, 13, 14, 15, 16, 17, 18, 19, 20, 21, 22, 23, 24, 25, 26, 27, 28, 29, 30, 31, 32, 33, 34, 36, 37, 38, 39, 40, 42, 43, 44, 45, 46, 47, 48, 49, 51]]","[1.0, 1.0, 2.0, 2.0, 3.0, 3.0, 6.0, 12.0]","[2, 4, 8, 8, 10, 12, 14, 16]","[1.0, 3.0, 6.0, 6.0, 7.0, 9.0, 8.0, 4.0]"
"[[45], [18, 19, 28, 30, 40, 49], [7, 9, 11, 14, 16, 18, 19, 25, 26, 28, 39, 43, 51], [8, 9, 11, 14, 15, 18, 19, 25, 26, 28, 30, 31, 33, 34, 39, 40, 43, 45, 49, 51], [3, 4, 5, 7, 9, 12, 14, 15, 16, 18, 19, 20, 23, 25, 28, 29, 30, 31, 34, 36, 38, 39, 40, 42, 43, 46, 49, 51], [3, 4, 5, 6, 8, 9, 11, 12, 13, 14, 15, 18, 19, 20, 23, 25, 26, 28, 29, 30, 31, 32, 33, 34, 36, 38, 39, 40, 42, 43, 45, 46, 49, 51], [3, 4, 5, 6, 8, 9, 10, 11, 12, 13, 14, 15, 18, 19, 20, 21, 22, 23, 24, 25, 26, 27, 28, 29, 30, 31, 32, 33, 34, 36, 38, 39, 40, 41, 42, 43, 44, 45, 46, 49, 51], [2, 3, 4, 5, 6, 7, 8, 9, 10, 11, 12, 13, 14, 15, 16, 18, 19, 20, 21, 23, 24, 25, 26, 27, 28, 29, 30, 31, 32, 33, 34, 35, 36, 37, 38, 39, 40, 41, 42, 43, 44, 45, 46, 47, 48, 49, 50, 51]]","[2.0, 4.0, 5.804347826086954, 7.78260869565217, 9.760869565217389, 11.521739130434783, 13.456521739130439, 15.47826086956522]","[2, 4, 6, 8, 10, 12, 14, 16]","[0.0, 0.0, 0.19565217391304568, 0.21739130434782972, 0.2391304347826111, 0.47826086956521685, 0.543478260869561, 0.5217391304347796]"
"[[45], [6, 7, 10, 18, 21, 22, 23, 29, 35, 38, 42, 44, 45, 46, 48], [3, 5, 7, 8, 9, 13, 14, 15, 16, 17, 18, 20, 22, 24, 26, 29, 30, 32, 33, 34, 35, 36, 38, 41, 42, 43, 44, 45, 49, 50], [3, 5, 6, 7, 8, 9, 10, 13, 14, 15, 16, 17, 18, 20, 21, 22, 23, 24, 26, 27, 28, 29, 30, 32, 33, 34, 35, 36, 37, 38, 39, 41, 42, 43, 44, 45, 46, 47, 48, 49, 50]]","[2.0, 4.0, 5.0, 7.000000000000002]","[2, 4, 6, 8]","[0.0, 0.0, 1.0, 0.9999999999999982]"
"[[45], [8, 9, 13, 14, 15, 16, 17, 24, 30, 33, 34, 43, 49, 51], [3, 5, 6, 7, 8, 9, 10, 13, 14, 15, 16, 17, 18, 20, 21, 22, 23, 24, 26, 27, 28, 29, 30, 32, 33, 34, 35, 36, 37, 38, 41, 42, 43, 44, 45, 46, 47, 48, 49, 50, 51], [2, 3, 5, 6, 7, 8, 9, 10, 13, 14, 15, 16, 17, 18, 20, 21, 22, 23, 24, 25, 26, 27, 28, 29, 30, 32, 33, 34, 35, 36, 37, 38, 41, 42, 43, 44, 45, 46, 47, 48, 49, 50, 51]]","[2.0, 2.666666666666667, 4.666666666666666, 5.999999999999999]","[2, 4, 6, 8]","[0.0, 1.333333333333333, 1.333333333333334, 2.000000000000001]"
"[[45], [4, 39, 40, 48], [18, 21, 31, 35, 36, 43, 45], [3, 4, 8, 12, 16, 19, 30, 33, 39, 40, 46, 47, 48, 50], [3, 4, 13, 18, 21, 31, 35, 36, 39, 40, 43, 45, 48], [3, 4, 8, 12, 16, 18, 19, 21, 30, 31, 33, 35, 36, 39, 40, 43, 45, 46, 48, 50], [3, 4, 7, 10, 11, 13, 14, 16, 18, 19, 21, 29, 30, 31, 33, 35, 36, 37, 39, 40, 43, 45, 46, 47, 48, 49, 50], [3, 4, 7, 8, 10, 11, 12, 13, 14, 16, 18, 19, 21, 28, 29, 30, 31, 32, 33, 35, 36, 37, 39, 40, 43, 45, 46, 47, 48, 49, 50], [2, 3, 4, 5, 7, 8, 10, 11, 12, 13, 14, 16, 18, 19, 21, 22, 23, 24, 27, 29, 30, 31, 33, 34, 35, 36, 39, 40, 43, 45, 46, 47, 48, 49, 50], [2, 3, 4, 7, 8, 10, 11, 12, 13, 14, 15, 16, 18, 19, 21, 22, 23, 24, 26, 27, 28, 29, 30, 31, 32, 33, 34, 35, 36, 37, 39, 40, 43, 45, 46, 47, 48, 49, 50, 51], [2, 3, 4, 5, 7, 8, 9, 10, 11, 12, 13, 14, 15, 16, 18, 19, 21, 22, 23, 24, 26, 27, 28, 29, 30, 31, 32, 33, 34, 35, 36, 38, 39, 40, 41, 43, 45, 46, 47, 48, 49, 50, 51], [2, 3, 4, 5, 6, 7, 8, 9, 10, 11, 12, 13, 14, 15, 16, 18, 19, 21, 22, 23, 24, 25, 26, 27, 28, 29, 30, 31, 32, 33, 34, 35, 36, 38, 39, 40, 41, 43, 44, 45, 46, 47, 48, 49, 50, 51]]","[1.9999999999999998, 2.4978294700630626, 3.9896797444508065, 5.664018347120962, 7.089032680809227, 8.497501842902764, 9.89876320746989, 11.53722663608811, 14.437709886149575, 16.411335899746078, 19.16684413137848, 22.030633139487264]","[2, 4, 6, 8, 10, 12, 14, 16, 18, 20, 22, 24]","[2.220446049250313e-16, 1.5021705299369374, 2.0103202555491935, 2.3359816528790383, 2.910967319190773, 3.5024981570972358, 4.101236792530109, 4.462773363911889, 3.562290113850425, 3.588664100253922, 2.833155868621521, 1.9693668605127357]"
"[[45], [2, 6, 9, 13, 14, 16, 17, 19, 22, 24, 29, 30, 39, 40, 41, 45, 51], [2, 3, 4, 5, 6, 7, 9, 10, 12, 13, 14, 15, 16, 17, 18, 19, 22, 23, 24, 27, 28, 29, 30, 31, 32, 33, 35, 36, 37, 38, 39, 40, 41, 42, 43, 44, 45, 46, 47, 48, 49, 50, 51], [2, 3, 4, 5, 6, 7, 8, 9, 10, 11, 12, 13, 14, 15, 16, 17, 18, 19, 21, 22, 23, 24, 25, 26, 27, 28, 29, 30, 31, 32, 33, 34, 35, 36, 37, 38, 39, 40, 41, 42, 43, 44, 45, 46, 47, 48, 49, 50, 51]]","[2.0, 3.3333333333333335, 5.333333333333334, 8.0]","[2, 4, 6, 8]","[0.0, 0.6666666666666665, 0.6666666666666661, 0.0]"
"[[45], [8, 12, 16, 19, 28, 33, 46], [3, 8, 12, 16, 19, 30, 33, 39, 46, 50], [3, 4, 7, 11, 14, 29, 30, 39, 40, 47, 48, 49, 50], [2, 5, 13, 18, 21, 22, 23, 24, 27, 31, 35, 36, 38, 41, 43, 45], [3, 4, 5, 7, 10, 11, 13, 14, 18, 21, 29, 31, 35, 37, 39, 40, 43, 47, 48, 49], [2, 3, 4, 7, 11, 13, 14, 18, 21, 22, 23, 24, 27, 29, 31, 35, 36, 37, 39, 40, 43, 45, 47, 48, 49], [2, 3, 4, 5, 7, 10, 11, 13, 14, 18, 21, 22, 23, 24, 27, 29, 30, 31, 35, 36, 37, 38, 39, 40, 41, 43, 45, 47, 48, 49], [2, 3, 4, 5, 7, 9, 11, 13, 14, 18, 21, 22, 23, 24, 27, 29, 30, 31, 34, 35, 36, 37, 38, 39, 40, 41, 43, 45, 47, 48, 49, 50, 51], [2, 3, 4, 5, 7, 9, 11, 13, 14, 15, 18, 21, 22, 23, 24, 26, 27, 29, 30, 31, 34, 35, 36, 37, 38, 39, 40, 41, 43, 44, 45, 47, 48, 49, 50, 51], [2, 3, 4, 5, 6, 7, 8, 10, 11, 12, 13, 14, 16, 17, 18, 19, 20, 21, 22, 23, 24, 25, 28, 29, 30, 31, 32, 33, 34, 35, 36, 37, 38, 39, 40, 41, 42, 43, 44, 45, 46, 47, 48, 49, 50, 51], [2, 3, 4, 5, 6, 7, 8, 9, 10, 11, 12, 13, 14, 15, 16, 17, 18, 19, 20, 21, 22, 23, 24, 25, 26, 27, 28, 29, 30, 31, 33, 34, 35, 36, 37, 38, 39, 40, 41, 42, 43, 44, 45, 46, 47, 48, 49, 50, 51]]","[2.0, 3.4464534075104254, 5.435326842837273, 7.474269819193324, 9.39360222531293, 11.246175243393603, 13.474269819193317, 15.371349095966613, 17.499304589707933, 19.549374130737142, 21.674547983310163, 23.59388038942977]","[2, 4, 6, 8, 10, 12, 14, 16, 18, 20, 22, 24]","[0.0, 0.5535465924895746, 0.5646731571627273, 0.5257301808066757, 0.6063977746870695, 0.7538247566063969, 0.5257301808066828, 0.6286509040333872, 0.5006954102920673, 0.45062586926285775, 0.32545201668983736, 0.4061196105702294]"
"[[45], [3, 8, 11, 14, 18, 20, 22, 25, 27, 29, 30, 31, 32, 37, 38, 39, 49, 50], [2, 3, 4, 5, 6, 8, 9, 11, 12, 14, 15, 17, 18, 20, 22, 25, 26, 27, 29, 30, 31, 32, 34, 35, 36, 37, 38, 39, 45, 48, 49, 50], [2, 3, 4, 5, 6, 7, 8, 9, 10, 11, 12, 14, 15, 16, 17, 18, 20, 21, 22, 23, 24, 25, 26, 27, 28, 29, 30, 31, 32, 33, 34, 35, 36, 37, 38, 39, 41, 42, 43, 44, 45, 46, 47, 48, 49, 50, 51]]","[2.0, 3.500000000000001, 5.5, 7.999999999999999]","[2, 4, 6, 8]","[0.0, 0.4999999999999991, 0.5, 8.881784197001252e-16]"
"[[4, 12, 50], [2, 6, 9, 10, 13, 14, 16, 17, 22, 26, 29, 30, 31, 40, 41, 42, 45, 49, 51], [2, 4, 5, 6, 7, 8, 9, 10, 11, 12, 13, 14, 16, 17, 19, 21, 22, 24, 25, 26, 29, 30, 31, 35, 39, 40, 41, 42, 45, 47, 49, 50, 51], [2, 3, 4, 5, 6, 7, 8, 9, 10, 11, 12, 13, 14, 15, 16, 17, 18, 19, 21, 22, 23, 24, 25, 26, 27, 28, 29, 30, 31, 32, 33, 34, 35, 36, 37, 38, 39, 40, 41, 42, 43, 44, 45, 46, 47, 48, 49, 50, 51]]","[1.1999999999999997, 3.5999999999999996, 5.199999999999999, 8.0]","[2, 4, 6, 8]","[0.8000000000000003, 0.40000000000000036, 0.8000000000000007, 0.0]"
"[[45], [3, 11, 15, 20, 21, 23, 28, 29, 30, 33, 34, 35, 39, 44, 45, 47, 48], [2, 3, 4, 5, 6, 7, 10, 11, 14, 15, 17, 18, 20, 21, 23, 26, 27, 28, 29, 30, 32, 33, 34, 35, 37, 39, 42, 44, 45, 47, 48, 51], [2, 3, 4, 5, 6, 7, 9, 10, 11, 12, 13, 14, 15, 16, 17, 18, 19, 20, 21, 22, 23, 24, 25, 26, 27, 28, 29, 30, 31, 32, 33, 34, 35, 36, 37, 38, 39, 40, 41, 42, 43, 44, 45, 46, 47, 48, 49, 50, 51]]","[2.0, 4.0, 5.581818181818186, 7.999999999999999]","[2, 4, 6, 8]","[0.0, 0.0, 0.41818181818181444, 8.881784197001252e-16]"
"[[45], [5, 10, 12, 17, 24, 26, 32, 36, 40, 44, 48], [2, 4, 6, 9, 11, 14, 15, 18, 19, 20, 21, 33, 35, 37, 42, 43, 45, 46, 49], [3, 4, 5, 8, 10, 12, 13, 15, 16, 17, 19, 22, 23, 24, 25, 26, 27, 28, 29, 30, 31, 32, 34, 35, 36, 38, 39, 40, 41, 44, 47, 48, 50, 51], [2, 3, 4, 5, 6, 7, 8, 9, 10, 12, 14, 15, 16, 17, 19, 20, 21, 22, 23, 24, 25, 26, 27, 28, 29, 30, 31, 32, 33, 34, 35, 36, 37, 38, 39, 40, 41, 43, 44, 45, 47, 48, 49, 50, 51]]","[2.0000000000000004, 4.000000000000001, 6.0, 7.923076923076927, 9.884615384615394]","[2, 4, 6, 8, 10]","[-4.440892098500626e-16, -8.881784197001252e-16, 0.0, 0.0769230769230731, 0.11538461538460609]"
"[[45], [10, 13, 18, 31], [8, 12, 16, 19, 20, 28, 30, 33, 39, 46, 50], [3, 4, 8, 12, 16, 19, 20, 28, 29, 30, 33, 39, 40, 46, 48, 50], [3, 4, 7, 8, 12, 16, 18, 19, 20, 28, 29, 30, 31, 33, 39, 40, 46, 47, 48, 50], [3, 4, 7, 8, 10, 12, 13, 16, 18, 19, 20, 28, 29, 30, 31, 33, 39, 40, 43, 46, 47, 48, 50], [3, 4, 5, 8, 12, 13, 16, 18, 19, 20, 21, 24, 28, 29, 30, 31, 33, 35, 36, 39, 40, 43, 45, 46, 48, 50], [2, 3, 4, 5, 7, 8, 10, 12, 13, 16, 18, 19, 20, 21, 23, 24, 27, 28, 29, 30, 31, 33, 35, 36, 39, 40, 43, 45, 46, 47, 48, 50], [2, 3, 4, 5, 8, 9, 10, 12, 13, 16, 18, 19, 20, 21, 22, 23, 24, 27, 28, 29, 30, 31, 33, 34, 35, 36, 39, 40, 43, 45, 46, 48, 50], [2, 3, 4, 5, 7, 8, 9, 12, 13, 15, 16, 18, 19, 20, 21, 22, 23, 24, 26, 27, 28, 29, 30, 31, 33, 34, 35, 36, 38, 39, 40, 41, 43, 45, 46, 47, 48, 50, 51], [2, 3, 4, 5, 7, 8, 9, 10, 12, 13, 15, 16, 18, 19, 20, 21, 22, 23, 24, 26, 27, 28, 29, 30, 31, 32, 33, 34, 35, 36, 37, 38, 39, 40, 41, 43, 45, 46, 47, 48, 49, 50, 51], [2, 3, 4, 5, 6, 7, 8, 9, 10, 11, 12, 13, 14, 15, 16, 17, 18, 19, 20, 21, 22, 23, 24, 25, 27, 28, 29, 30, 31, 32, 33, 34, 35, 36, 37, 38, 39, 40, 41, 42, 43, 44, 45, 46, 47, 48, 49, 50, 51]]","[2.0, 2.6578947368421026, 4.236842105263156, 6.2894736842105194, 7.605263157894725, 9.552631578947354, 11.44736842105263, 12.894736842105246, 15.263157894736835, 17.3157894736842, 19.973684210526333, 23.026315789473642]","[2, 4, 6, 8, 10, 12, 14, 16, 18, 20, 22, 24]","[0.0, 1.3421052631578974, 1.7631578947368443, 1.7105263157894806, 2.3947368421052753, 2.447368421052646, 2.55263157894737, 3.105263157894754, 2.7368421052631646, 2.6842105263157983, 2.026315789473667, 0.9736842105263577]"
"[[45], [6, 8, 10, 12, 14, 17, 24, 25, 26, 27, 29, 32, 35, 36, 39, 44, 50], [2, 3, 4, 5, 6, 7, 8, 9, 10, 11, 12, 13, 14, 15, 17, 19, 20, 21, 22, 23, 24, 25, 26, 27, 29, 30, 32, 33, 34, 35, 36, 37, 39, 40, 41, 42, 44, 48, 49, 50, 51]]","[2.0, 3.88235294117647, 5.647058823529411]","[2, 4, 6]","[0.0, 0.11764705882352988, 0.35294117647058876]"
"[[45], [4, 11, 15, 18, 20, 21, 35, 42], [2, 4, 6, 9, 11, 14, 15, 18, 19, 20, 21, 33, 35, 37, 42, 43, 45, 46, 49], [2, 4, 5, 6, 9, 10, 11, 14, 15, 16, 18, 19, 20, 21, 32, 33, 35, 37, 39, 41, 42, 43, 44, 45, 46, 49, 50], [2, 4, 5, 6, 7, 9, 10, 11, 12, 14, 15, 16, 17, 18, 19, 20, 21, 22, 24, 25, 26, 28, 32, 33, 35, 36, 37, 39, 40, 41, 42, 43, 44, 45, 46, 48, 49, 50, 51]]","[2.0, 3.7000000000000015, 5.240000000000001, 7.280000000000002, 8.740000000000002]","[2, 4, 6, 8, 10]","[0.0, 0.2999999999999985, 0.7599999999999989, 0.719999999999998, 1.259999999999998]"
"[[45], [8, 18, 27, 31, 44, 45, 47, 50], [3, 8, 12, 14, 18, 26, 27, 31, 34, 36, 43, 44, 45, 47, 48, 49, 50], [3, 5, 8, 12, 14, 18, 19, 25, 26, 27, 31, 36, 37, 38, 39, 41, 43, 44, 45, 47, 48, 49, 50, 51], [2, 3, 5, 7, 8, 11, 12, 14, 15, 16, 17, 18, 19, 20, 21, 24, 25, 26, 27, 29, 30, 31, 33, 34, 35, 36, 42, 43, 44, 45, 47, 48, 49, 50, 51], [2, 3, 4, 5, 6, 7, 8, 9, 10, 11, 12, 13, 14, 15, 16, 17, 18, 19, 20, 21, 23, 24, 25, 26, 27, 30, 31, 32, 35, 36, 37, 38, 39, 40, 41, 42, 43, 44, 45, 46, 47, 48, 49, 50, 51]]","[2.0, 4.0, 6.000000000000007, 8.000000000000004, 10.0, 11.937219730941711]","[2, 4, 6, 8, 10, 12]","[0.0, 0.0, -7.105427357601002e-15, -3.552713678800501e-15, 0.0, 0.0627802690582886]"
"[[4, 15, 35], [4, 6, 7, 11, 14, 15, 18, 20, 21, 35, 42, 45, 46], [4, 5, 8, 10, 12, 15, 16, 19, 22, 24, 25, 26, 30, 32, 35, 36, 38, 39, 40, 41, 44, 48, 50, 51], [4, 5, 6, 7, 8, 10, 11, 12, 14, 15, 16, 18, 19, 20, 21, 22, 24, 25, 26, 30, 32, 35, 36, 38, 39, 40, 41, 42, 44, 45, 46, 48, 50, 51], [2, 4, 5, 6, 7, 8, 9, 10, 11, 12, 14, 15, 16, 18, 19, 20, 21, 22, 24, 25, 26, 30, 32, 33, 35, 36, 37, 38, 39, 40, 41, 42, 43, 44, 45, 46, 48, 49, 50, 51]]","[0.0, 1.5, 1.5, 2.5, 3.0]","[2, 4, 6, 8, 10]","[2.0, 2.5, 4.5, 5.5, 7.0]"
"[[8, 11, 14, 18, 22, 25, 30, 32, 37, 38, 50], [4, 8, 9, 11, 12, 14, 15, 17, 18, 22, 25, 30, 32, 37, 38, 50], [2, 4, 6, 8, 9, 11, 12, 14, 15, 16, 17, 18, 22, 23, 24, 25, 26, 30, 32, 33, 34, 35, 36, 37, 38, 43, 45, 48, 50, 51], [2, 3, 4, 6, 7, 8, 9, 10, 11, 12, 13, 14, 15, 16, 17, 18, 19, 20, 21, 22, 23, 24, 25, 26, 27, 29, 30, 31, 32, 33, 34, 35, 36, 37, 38, 39, 40, 41, 42, 43, 44, 45, 46, 47, 48, 49, 50, 51]]","[0.0, 1.5000000000000002, 2.500000000000001, 6.0]","[2, 4, 6, 8]","[2.0, 2.5, 3.499999999999999, 2.0]"
"[[45], [3, 4, 7, 11, 15, 18, 20, 21, 23, 28, 29, 30, 33, 34, 35, 37, 39, 44, 45, 47, 48], [2, 3, 4, 5, 6, 7, 10, 11, 14, 15, 17, 18, 20, 21, 23, 26, 27, 28, 29, 30, 32, 33, 34, 35, 37, 39, 42, 44, 45, 47, 48, 51], [2, 3, 4, 5, 6, 7, 9, 10, 11, 12, 14, 15, 16, 17, 18, 19, 20, 21, 22, 23, 24, 25, 26, 27, 28, 29, 30, 31, 32, 33, 34, 35, 36, 37, 38, 39, 40, 41, 42, 44, 45, 46, 47, 48, 49, 50, 51]]","[2.0, 4.000000000000002, 5.555555555555559, 7.999999999999991]","[2, 4, 6, 8]","[0.0, -1.7763568394002505e-15, 0.4444444444444411, 8.881784197001252e-15]"
"[[8, 12, 37, 47], [5, 8, 12, 13, 18, 22, 34, 37, 38, 41, 47, 49], [3, 5, 8, 12, 13, 14, 17, 18, 20, 22, 23, 24, 28, 29, 30, 31, 32, 33, 34, 35, 36, 37, 38, 39, 40, 41, 44, 46, 47, 49, 50], [3, 5, 8, 12, 13, 14, 17, 18, 20, 22, 23, 24, 28, 29, 30, 31, 32, 33, 34, 35, 36, 37, 38, 39, 40, 41, 44, 46, 47, 49, 50], [3, 5, 8, 9, 12, 13, 14, 17, 18, 20, 22, 23, 24, 28, 29, 30, 31, 32, 33, 34, 35, 36, 37, 38, 39, 40, 41, 44, 46, 47, 48, 49, 50], [2, 3, 4, 5, 7, 8, 9, 11, 12, 13, 14, 17, 18, 20, 22, 23, 24, 25, 26, 28, 29, 30, 31, 32, 33, 34, 35, 36, 37, 38, 39, 40, 41, 43, 44, 45, 46, 47, 48, 49, 50, 51], [2, 3, 4, 5, 6, 7, 8, 9, 11, 12, 13, 14, 15, 16, 17, 18, 19, 20, 21, 22, 23, 24, 25, 26, 27, 28, 29, 30, 31, 32, 33, 34, 35, 36, 37, 38, 39, 40, 41, 42, 43, 44, 45, 46, 47, 48, 49, 50, 51]]","[0.0, 2.0, 3.0, 3.0, 5.0, 7.0, 14.0]","[2, 4, 8, 8, 10, 12, 14]","[2.0, 2.0, 5.0, 5.0, 5.0, 5.0, 0.0]"
"[[45], [3, 5, 13, 31, 34, 41, 49], [3, 8, 9, 12, 14, 21, 23, 24, 29, 30, 31, 33, 36, 37, 39, 47, 50, 51], [3, 5, 6, 8, 9, 12, 13, 14, 18, 21, 22, 23, 24, 30, 31, 33, 34, 36, 37, 38, 39, 41, 47, 49, 50, 51], [2, 3, 4, 7, 8, 9, 12, 14, 15, 17, 20, 21, 23, 24, 25, 26, 28, 29, 30, 31, 32, 33, 35, 36, 37, 39, 40, 44, 45, 46, 47, 48, 50, 51], [2, 3, 4, 5, 6, 7, 8, 9, 12, 13, 14, 15, 17, 18, 20, 22, 23, 24, 25, 26, 28, 29, 30, 31, 32, 33, 34, 35, 36, 37, 38, 39, 40, 41, 44, 45, 46, 47, 48, 49, 50], [2, 3, 4, 5, 6, 7, 8, 9, 11, 12, 13, 14, 15, 16, 17, 18, 19, 20, 21, 22, 23, 24, 25, 26, 27, 28, 29, 30, 31, 32, 33, 34, 35, 36, 37, 38, 39, 40, 41, 42, 43, 44, 45, 46, 47, 48, 49, 50, 51]]","[2.0, 4.0, 5.990361445783135, 7.860240963855428, 9.826506024096387, 11.566265060240971, 14.0]","[2, 4, 6, 8, 10, 12, 14]","[0.0, 0.0, 0.009638554216865103, 0.1397590361445724, 0.1734939759036127, 0.4337349397590291, 0.0]"
"[[22, 34, 38, 41], [22, 34, 38, 41], [3, 4, 7, 16, 19, 22, 29, 30, 33, 34, 38, 39, 40, 41, 46, 47, 48, 50], [2, 13, 18, 21, 22, 23, 24, 27, 31, 34, 35, 38, 41, 42, 43, 45], [2, 13, 15, 18, 21, 22, 23, 24, 27, 31, 34, 35, 38, 41, 42, 43, 45], [2, 3, 4, 7, 13, 16, 18, 19, 21, 22, 23, 24, 27, 29, 30, 31, 33, 34, 35, 38, 39, 40, 41, 42, 43, 45, 46, 47, 48, 50], [2, 3, 4, 7, 13, 16, 18, 19, 21, 22, 23, 24, 27, 29, 30, 31, 33, 34, 35, 38, 39, 40, 41, 42, 43, 45, 46, 47, 48, 50], [2, 3, 4, 7, 13, 15, 16, 18, 19, 21, 22, 23, 24, 26, 27, 29, 30, 31, 33, 34, 35, 38, 39, 40, 41, 42, 43, 45, 46, 47, 48, 50], [2, 3, 4, 7, 8, 12, 13, 16, 18, 19, 20, 21, 22, 23, 24, 27, 28, 29, 30, 31, 32, 33, 34, 35, 38, 39, 40, 41, 42, 43, 45, 46, 47, 48, 49, 50], [2, 3, 4, 5, 7, 8, 9, 12, 13, 16, 18, 19, 20, 21, 22, 23, 24, 27, 28, 29, 30, 31, 32, 33, 34, 35, 36, 38, 39, 40, 41, 42, 43, 44, 45, 46, 47, 48, 50], [2, 3, 4, 5, 7, 8, 9, 10, 11, 12, 13, 14, 15, 16, 18, 19, 20, 21, 22, 23, 24, 26, 27, 28, 29, 30, 31, 32, 33, 34, 35, 36, 37, 38, 39, 40, 41, 42, 43, 44, 45, 46, 47, 48, 50], [2, 3, 4, 5, 6, 7, 8, 9, 11, 12, 13, 14, 15, 16, 18, 19, 20, 21, 22, 23, 24, 25, 26, 27, 28, 29, 30, 31, 32, 33, 34, 35, 36, 37, 38, 39, 40, 41, 42, 43, 44, 45, 46, 47, 48, 49, 50]]","[0.0, 0.0, 2.0, 2.0, 4.0, 4.0, 4.0, 6.0, 8.0, 10.0, 14.0, 20.0]","[4, 4, 8, 8, 10, 14, 14, 16, 18, 20, 22, 24]","[4.0, 4.0, 6.0, 6.0, 6.0, 10.0, 10.0, 10.0, 10.0, 10.0, 8.0, 4.0]"
"[[18, 38, 44], [6, 7, 10, 18, 21, 22, 23, 27, 28, 29, 35, 37, 38, 42, 44, 45, 46, 47], [3, 5, 6, 7, 9, 10, 13, 14, 15, 17, 18, 21, 22, 23, 24, 26, 27, 28, 29, 30, 32, 33, 35, 36, 37, 38, 42, 43, 44, 45, 46, 47, 49, 50], [2, 3, 5, 6, 7, 8, 9, 10, 13, 14, 15, 16, 17, 18, 19, 21, 22, 23, 24, 25, 26, 27, 28, 29, 30, 31, 32, 33, 34, 35, 36, 37, 38, 41, 42, 43, 44, 45, 46, 47, 48, 49, 50, 51]]","[1.2857142857142854, 2.9285714285714297, 4.571428571428573, 6.07142857142857]","[2, 4, 6, 8]","[0.7142857142857146, 1.0714285714285703, 1.428571428571427, 1.9285714285714297]"
"[[45], [8, 9, 12, 14, 23, 30, 33, 37, 47, 50], [3, 5, 8, 9, 12, 14, 23, 24, 30, 31, 33, 34, 36, 37, 38, 39, 47, 49, 50], [2, 4, 7, 8, 9, 12, 14, 17, 20, 23, 25, 26, 28, 29, 30, 32, 33, 35, 37, 40, 44, 45, 47, 50], [2, 3, 4, 5, 6, 7, 8, 9, 12, 13, 14, 17, 21, 22, 23, 24, 26, 28, 30, 31, 33, 34, 36, 37, 38, 39, 41, 45, 47, 49, 50, 51], [2, 3, 4, 5, 6, 7, 8, 9, 12, 13, 14, 17, 18, 20, 21, 22, 23, 24, 25, 26, 28, 29, 30, 31, 32, 33, 34, 35, 36, 37, 38, 39, 40, 41, 42, 44, 45, 47, 49, 50, 51], [2, 3, 4, 5, 6, 7, 8, 9, 11, 12, 13, 14, 15, 16, 17, 18, 19, 20, 21, 22, 23, 24, 25, 26, 27, 28, 29, 30, 31, 32, 33, 34, 35, 36, 37, 38, 39, 40, 41, 42, 43, 44, 45, 46, 47, 48, 49, 50, 51]]","[2.0, 3.189285714285715, 5.189285714285714, 6.6571428571428575, 8.61071428571428, 10.328571428571426, 14.0]","[2, 4, 6, 8, 10, 12, 14]","[0.0, 0.810714285714285, 0.8107142857142859, 1.3428571428571425, 1.3892857142857196, 1.6714285714285744, 0.0]"
"[[45], [3, 11, 15, 18, 20, 21, 23, 28, 29, 30, 33, 34, 35, 37, 39, 44, 45, 47, 48], [3, 4, 5, 6, 7, 10, 11, 12, 14, 15, 16, 18, 19, 20, 21, 22, 23, 24, 28, 29, 30, 32, 33, 34, 35, 37, 39, 44, 45, 47, 48, 49, 50, 51], [2, 3, 4, 5, 6, 7, 8, 9, 10, 11, 12, 13, 14, 15, 16, 17, 18, 19, 20, 21, 22, 23, 24, 25, 26, 28, 29, 30, 31, 32, 33, 34, 35, 36, 37, 38, 39, 40, 41, 42, 44, 45, 46, 47, 48, 49, 50, 51]]","[2.0, 4.000000000000002, 5.0625, 7.999999999999998]","[2, 4, 6, 8]","[0.0, -1.7763568394002505e-15, 0.9375, 1.7763568394002505e-15]"
"[[45], [3, 4, 11, 15, 18, 20, 21, 23, 28, 29, 30, 33, 34, 35, 37, 39, 44, 45, 47, 48], [2, 3, 4, 5, 6, 7, 10, 11, 14, 15, 17, 18, 20, 21, 23, 26, 27, 28, 29, 30, 32, 33, 34, 35, 37, 39, 42, 44, 45, 47, 48, 51], [2, 3, 4, 5, 6, 7, 9, 10, 11, 12, 14, 15, 16, 17, 18, 19, 20, 21, 22, 23, 24, 25, 26, 27, 28, 29, 30, 31, 32, 33, 34, 35, 36, 37, 38, 39, 40, 41, 42, 44, 45, 46, 47, 48, 49, 50, 51]]","[2.0, 4.0, 5.5, 8.0]","[2, 4, 6, 8]","[0.0, 0.0, 0.5, 0.0]"
"[[45], [18, 27, 31, 43, 44, 45, 50], [3, 8, 12, 14, 18, 26, 27, 31, 34, 43, 44, 45, 47, 48, 49, 50], [2, 3, 7, 8, 11, 12, 16, 18, 21, 24, 26, 27, 29, 30, 31, 33, 34, 35, 43, 44, 45, 47, 48, 49, 50], [2, 3, 5, 7, 8, 11, 12, 14, 15, 16, 17, 18, 20, 21, 22, 24, 25, 26, 27, 29, 30, 31, 33, 34, 35, 36, 42, 43, 44, 45, 47, 48, 49, 50, 51], [2, 3, 4, 5, 7, 8, 9, 11, 12, 14, 15, 16, 17, 18, 19, 20, 21, 24, 25, 26, 27, 28, 29, 30, 31, 33, 34, 35, 36, 37, 38, 39, 41, 43, 44, 45, 46, 47, 48, 49, 50, 51]]","[2.0, 4.0, 6.0, 8.0, 9.999999999999998, 11.80952380952381]","[2, 4, 6, 8, 10, 12]","[0.0, 0.0, 0.0, 0.0, 1.7763568394002505e-15, 0.1904761904761898]"
"[[45], [6, 7, 8, 10, 12, 14, 17, 20, 21, 22, 23, 24, 25, 26, 27, 29, 32, 34, 35, 36, 37, 39, 44, 49, 50, 51], [2, 4, 5, 6, 7, 8, 9, 10, 11, 12, 13, 14, 15, 17, 19, 20, 21, 22, 23, 24, 25, 26, 27, 29, 30, 31, 32, 33, 34, 35, 36, 37, 39, 40, 41, 42, 44, 45, 48, 49, 50, 51]]","[1.9999999999999991, 3.000000000000001, 4.0]","[2, 4, 6]","[8.881784197001252e-16, 0.9999999999999991, 2.0]"
"[[45], [2, 6, 8, 9, 11, 12, 14, 15, 17, 18, 25, 26, 27, 30, 31, 34, 35, 36, 37, 38, 45, 48, 49, 50], [2, 6, 7, 8, 9, 11, 12, 14, 15, 17, 18, 22, 23, 24, 25, 26, 27, 30, 31, 32, 33, 34, 35, 36, 37, 38, 41, 45, 46, 48, 49, 50], [2, 3, 6, 7, 8, 9, 10, 11, 12, 13, 14, 15, 16, 17, 18, 19, 20, 21, 22, 23, 24, 25, 26, 27, 28, 29, 30, 31, 32, 33, 34, 35, 36, 37, 38, 39, 40, 41, 42, 43, 44, 45, 46, 47, 48, 49, 50, 51]]","[2.0, 3.0, 4.333333333333333, 7.333333333333333]","[2, 4, 6, 8]","[0.0, 1.0, 1.666666666666667, 0.666666666666667]"
"[[7, 21, 30], [4, 5, 12, 14, 25, 37, 41, 48, 51], [5, 12, 14, 18, 25, 26, 27, 31, 37, 41, 44, 45, 48, 50, 51], [3, 5, 8, 11, 12, 14, 18, 24, 25, 26, 27, 29, 31, 34, 36, 37, 41, 42, 43, 44, 45, 47, 48, 49, 50, 51], [3, 4, 5, 7, 8, 11, 12, 14, 18, 19, 21, 24, 25, 26, 27, 29, 30, 31, 34, 36, 37, 38, 39, 41, 42, 43, 44, 45, 47, 48, 49, 50, 51], [3, 4, 5, 6, 7, 8, 9, 10, 11, 12, 13, 14, 15, 17, 18, 19, 20, 21, 22, 23, 24, 25, 26, 27, 29, 30, 31, 32, 34, 36, 37, 38, 39, 40, 41, 42, 43, 44, 45, 46, 47, 48, 49, 50, 51]]","[1.6000000000000003, 2.7999999999999994, 4.4, 6.199999999999999, 7.799999999999999, 9.799999999999997]","[2, 4, 6, 8, 10, 12]","[0.3999999999999997, 1.2000000000000006, 1.5999999999999996, 1.8000000000000007, 2.200000000000001, 2.200000000000003]"
"[[12, 15, 17], [2, 4, 6, 12, 15, 17, 23, 24, 26, 33, 34, 35, 36, 45, 48], [2, 3, 4, 6, 7, 8, 11, 12, 14, 15, 17, 18, 22, 23, 24, 25, 26, 27, 30, 31, 32, 33, 34, 35, 36, 37, 38, 39, 45, 48, 49, 50], [2, 3, 4, 6, 7, 8, 9, 10, 11, 12, 13, 14, 15, 16, 17, 18, 19, 20, 21, 22, 23, 24, 25, 26, 27, 28, 29, 30, 31, 32, 33, 34, 35, 36, 37, 38, 39, 40, 41, 42, 43, 44, 45, 46, 48, 49, 50, 51]]","[0.0, 1.0, 1.0, 5.0]","[2, 4, 6, 8]","[2.0, 3.0, 5.0, 3.0]"
"[[45], [12, 14, 18, 25, 31, 44, 48, 51], [5, 12, 14, 18, 19, 25, 26, 27, 31, 38, 43, 44, 45, 48, 49, 50, 51], [2, 3, 7, 8, 11, 16, 18, 21, 24, 26, 27, 29, 30, 31, 34, 35, 36, 42, 43, 44, 45, 47, 48, 49, 50], [2, 3, 5, 7, 8, 11, 12, 14, 16, 17, 18, 19, 20, 21, 25, 26, 27, 29, 30, 31, 34, 35, 36, 38, 42, 43, 44, 45, 47, 48, 49, 50, 51], [2, 3, 4, 5, 7, 8, 9, 11, 12, 14, 15, 16, 17, 18, 19, 20, 21, 24, 25, 26, 27, 29, 30, 31, 34, 35, 36, 37, 38, 39, 40, 41, 42, 43, 44, 45, 46, 47, 48, 49, 50, 51]]","[1.9999999999999998, 2.9166666666666656, 4.874999999999996, 6.208333333333331, 7.958333333333326, 9.999999999999998]","[2, 4, 6, 8, 10, 12]","[2.220446049250313e-16, 1.0833333333333344, 1.1250000000000044, 1.7916666666666687, 2.041666666666674, 2.0000000000000018]"
"[[45], [3, 4, 11, 15, 18, 20, 21, 23, 28, 29, 30, 33, 34, 35, 39, 44, 45, 47, 48], [2, 3, 4, 5, 6, 7, 10, 11, 14, 15, 17, 18, 20, 21, 23, 26, 27, 28, 29, 30, 32, 33, 34, 35, 37, 39, 42, 44, 45, 47, 48, 51], [2, 3, 4, 5, 6, 7, 8, 9, 10, 11, 12, 13, 14, 15, 16, 17, 18, 19, 20, 21, 22, 23, 24, 25, 26, 27, 28, 29, 30, 31, 32, 33, 34, 35, 36, 37, 38, 39, 40, 41, 42, 43, 44, 45, 46, 47, 48, 49, 50, 51]]","[1.9999999999999998, 4.000000000000003, 5.528795811518327, 8.000000000000002]","[2, 4, 6, 8]","[2.220446049250313e-16, -2.6645352591003757e-15, 0.4712041884816731, -1.7763568394002505e-15]"
"[[45], [3, 4, 5, 6, 7, 20, 24, 30, 34, 35, 36, 40, 42, 50], [2, 3, 6, 7, 11, 12, 15, 17, 21, 22, 24, 27, 34, 35, 37, 39, 40, 41, 45, 47, 49, 50], [2, 3, 6, 7, 8, 10, 11, 12, 13, 15, 17, 19, 21, 22, 24, 26, 27, 29, 34, 35, 37, 39, 40, 41, 43, 44, 45, 47, 48, 49, 50], [2, 3, 4, 5, 6, 7, 8, 9, 10, 11, 12, 13, 15, 17, 19, 20, 21, 22, 23, 24, 25, 26, 27, 30, 32, 34, 35, 36, 37, 39, 40, 41, 42, 43, 44, 45, 46, 47, 48, 49, 50]]","[2.0, 3.236363636363637, 4.781818181818181, 6.454545454545454, 8.454545454545453]","[2, 4, 6, 8, 10]","[0.0, 0.7636363636363628, 1.2181818181818187, 1.5454545454545459, 1.5454545454545467]"
"[[3, 11, 20, 28, 30, 39, 45], [3, 4, 5, 6, 10, 11, 14, 15, 17, 18, 20, 21, 23, 26, 28, 29, 30, 32, 33, 34, 35, 39, 44, 45, 47, 48, 51], [3, 4, 5, 6, 10, 11, 12, 14, 15, 16, 17, 18, 19, 20, 21, 22, 23, 24, 26, 28, 29, 30, 31, 32, 33, 34, 35, 37, 39, 44, 45, 47, 48, 49, 50, 51], [2, 3, 4, 5, 6, 7, 9, 10, 11, 12, 14, 15, 16, 17, 18, 19, 20, 21, 22, 23, 24, 25, 26, 27, 28, 29, 30, 31, 32, 33, 34, 35, 37, 38, 39, 40, 41, 42, 43, 44, 45, 46, 47, 48, 49, 50, 51]]","[1.0, 2.5, 3.0, 8.0]","[2, 4, 6, 8]","[1.0, 1.5, 3.0, 0.0]"
"[[45], [5, 10, 12, 24, 26, 32, 36, 39, 40, 41, 44, 48, 50], [2, 4, 6, 9, 11, 14, 15, 18, 19, 20, 21, 33, 35, 37, 42, 43, 45, 46, 49], [4, 5, 9, 10, 11, 12, 14, 15, 18, 19, 20, 21, 24, 26, 32, 33, 35, 36, 37, 39, 40, 41, 42, 43, 44, 45, 46, 48, 49, 50], [2, 4, 5, 6, 7, 8, 9, 10, 11, 12, 14, 15, 16, 17, 18, 19, 20, 21, 22, 23, 24, 25, 26, 27, 28, 29, 30, 32, 33, 34, 35, 36, 37, 38, 39, 40, 41, 42, 43, 44, 45, 46, 47, 48, 49, 50, 51]]","[2.0, 3.9999999999999996, 5.999999999999999, 8.0, 9.846153846153847]","[2, 4, 6, 8, 10]","[0.0, 4.440892098500626e-16, 8.881784197001252e-16, 0.0, 0.1538461538461533]"
"[[30, 40, 49], [8, 11, 13, 14, 25, 26, 30, 33, 39, 40, 41, 45, 49], [8, 9, 11, 13, 14, 18, 19, 25, 26, 28, 30, 33, 39, 40, 41, 43, 45, 49, 51], [7, 8, 9, 11, 13, 14, 18, 19, 24, 25, 26, 28, 30, 33, 39, 40, 41, 43, 45, 48, 49, 51], [3, 4, 5, 6, 7, 8, 9, 11, 13, 14, 18, 19, 23, 24, 25, 26, 28, 29, 30, 31, 33, 34, 36, 38, 39, 40, 41, 42, 43, 45, 46, 48, 49, 51], [3, 4, 5, 6, 7, 8, 9, 11, 13, 14, 18, 19, 23, 24, 25, 26, 28, 29, 30, 31, 33, 34, 36, 38, 39, 40, 41, 42, 43, 45, 46, 48, 49, 51], [3, 4, 5, 6, 7, 8, 9, 10, 11, 12, 13, 14, 17, 18, 19, 20, 21, 23, 24, 25, 26, 28, 29, 30, 31, 33, 34, 36, 38, 39, 40, 41, 42, 43, 44, 45, 46, 48, 49, 51], [2, 3, 4, 5, 6, 7, 8, 9, 10, 11, 12, 13, 14, 16, 17, 18, 19, 20, 21, 22, 23, 24, 25, 26, 28, 29, 30, 31, 33, 34, 36, 37, 38, 39, 40, 41, 42, 43, 44, 45, 46, 47, 48, 49, 50, 51]]","[0.0, 1.0, 1.0, 1.0, 2.0, 2.0, 4.0, 8.0]","[2, 6, 8, 8, 12, 12, 14, 16]","[2.0, 5.0, 7.0, 7.0, 10.0, 10.0, 10.0, 8.0]"
"[[45], [4, 11, 15, 18, 20, 21, 35, 42], [2, 4, 9, 14, 15, 16, 19, 22, 25, 28, 33, 35, 37, 39, 41, 43, 45, 47, 49, 50, 51], [4, 5, 9, 10, 12, 14, 15, 16, 18, 19, 20, 21, 24, 26, 32, 33, 35, 36, 37, 39, 40, 41, 42, 43, 44, 45, 48, 49, 50], [2, 4, 5, 6, 7, 8, 9, 10, 12, 14, 15, 16, 17, 19, 20, 21, 22, 23, 24, 25, 26, 27, 28, 29, 30, 31, 32, 33, 34, 35, 36, 37, 38, 39, 40, 41, 43, 44, 45, 47, 48, 49, 50, 51]]","[2.0, 4.0, 5.903846153846157, 7.817307692307696, 9.596153846153838]","[2, 4, 6, 8, 10]","[0.0, 0.0, 0.09615384615384315, 0.18269230769230393, 0.4038461538461622]"
"[[8, 18, 25, 30, 37], [2, 3, 4, 5, 6, 7, 8, 10, 11, 14, 18, 20, 22, 23, 24, 25, 26, 27, 29, 30, 31, 32, 33, 34, 35, 36, 37, 38, 39, 41, 42, 45, 46, 48, 49, 50], [2, 3, 4, 5, 6, 7, 8, 10, 11, 14, 18, 20, 22, 23, 24, 25, 26, 27, 29, 30, 31, 32, 33, 34, 35, 36, 37, 38, 39, 41, 42, 45, 46, 48, 49, 50], [2, 3, 4, 5, 6, 7, 8, 9, 10, 11, 12, 13, 14, 15, 16, 17, 18, 19, 20, 21, 22, 23, 24, 25, 26, 27, 28, 29, 30, 31, 32, 33, 34, 35, 36, 37, 38, 39, 40, 41, 42, 43, 45, 46, 48, 49, 50, 51]]","[0.0, 2.0, 2.0, 6.0]","[2, 6, 6, 8]","[2.0, 4.0, 4.0, 2.0]"
"[[45], [4, 5, 6, 10, 14, 17, 21, 23, 26, 29, 32, 33, 34, 35, 44, 47, 48, 51], [2, 3, 4, 5, 6, 7, 10, 11, 14, 15, 17, 18, 20, 21, 23, 26, 27, 28, 29, 30, 32, 33, 34, 35, 37, 39, 42, 44, 45, 47, 48, 51], [2, 3, 4, 5, 6, 7, 9, 10, 11, 12, 14, 15, 16, 17, 18, 19, 20, 21, 22, 23, 24, 25, 26, 27, 28, 29, 30, 31, 32, 33, 34, 35, 36, 37, 38, 39, 40, 41, 42, 43, 44, 45, 46, 47, 48, 49, 50, 51]]","[2.0, 4.0, 5.634146341463413, 8.0]","[2, 4, 6, 8]","[0.0, 0.0, 0.3658536585365866, 0.0]"
"[[26, 29, 45], [3, 9, 13, 14, 15, 17, 24, 26, 29, 30, 32, 33, 36, 43, 45, 49, 50], [3, 5, 7, 9, 13, 14, 15, 17, 18, 20, 22, 24, 26, 29, 30, 32, 33, 34, 35, 36, 38, 41, 42, 43, 45, 49, 50], [3, 5, 6, 7, 8, 9, 10, 11, 12, 13, 14, 15, 16, 17, 18, 19, 20, 21, 22, 23, 24, 26, 27, 28, 29, 30, 31, 32, 33, 34, 35, 36, 37, 38, 41, 42, 43, 44, 45, 46, 47, 48, 49, 50, 51]]","[1.5555555555555562, 3.333333333333332, 4.777777777777775, 6.144444444444443]","[2, 4, 6, 8]","[0.44444444444444375, 0.6666666666666679, 1.222222222222225, 1.855555555555557]"
